{
    "parameters": {
        "end_anim": [ "compose", [ "+", 1 ] , "#click_time" ],
        "trigger_anim": [ "-", "#end_anim" ],
        "progress": [ "-", "#click_time" ]
    },
    "clips": {
        "closed": "#identity",
        "opening": [
            "trigger_positive",
            [ "slerp", "#closed", "#open", "#identity", "#progress" ],
            "#trigger_anim",
            "!transition:open"
        ],
        "open": [ "apply", "emporium:block/cabinet_wood_drawer@open", 0 ],
        "closing": [
            "trigger_positive",
            [ "slerp", "#open", "#closed", "#identity", "#progress" ],
            "#trigger_anim",
            "!transition:closed"
        ]
    },
    "states": [
        "closed",
        "opening",
        "open",
        "closing"
    ],
    "transitions": {
        "closed": "opening",
        "opening": "open",
        "open": "closing",
        "closing": "closed"
    },
    "start_state": "closed"
}