{
	"__comment": "Designed by Wiiv with Cubik Studio - https://cubik.studio",
	"parent": "block/block",
	"textures": {
		"particle": "psi:blocks/programmer_top_inactive",
		"0": "psi:blocks/programmer_top_inactive",
		"1": "psi:blocks/programmer_side_inactive",
		"2": "psi:blocks/programmer_bottom",
		"3": "psi:blocks/programmer_legs"
	},
	"elements": [ 	 
		{
			"from": [ 0, 10, 0 ],
			"to": [ 16, 16, 16 ],
			"faces": {
				"down": { "uv": [ 0, 0, 16, 16 ], "texture": "#2" },
				"up": { "uv": [ 0, 0, 16, 16 ], "texture": "#0" },
				"north": { "uv": [ 0, 8, 16, 14 ], "texture": "#1" },
				"south": { "uv": [ 0, 0, 16, 6 ], "texture": "#1" },
				"west": { "uv": [ 0, 8, 16, 14 ], "texture": "#1" },
				"east": { "uv": [ 0, 8, 16, 14 ], "texture": "#1" }
			}
		},
		{
			"__comment": "Box8",
			"from": [ 1, 0, 13 ],
			"to": [ 3, 10, 15 ],
			"faces": {
				"down": { "uv": [ 1, 1, 3, 3 ], "texture": "#3" },
				"north": { "uv": [ 13, 6, 15, 16 ], "texture": "#3" },
				"south": { "uv": [ 1, 6, 3, 16 ], "texture": "#3" },
				"west": { "uv": [ 1, 6, 3, 16 ], "texture": "#3" },
				"east": { "uv": [ 13, 6, 15, 16 ], "texture": "#3" }
			}
		},
		{
			"__comment": "Box8",
			"from": [ 1, 0, 1 ],
			"to": [ 3, 10, 3 ],
			"faces": {
				"down": { "uv": [ 1, 1, 3, 3 ], "texture": "#3" },
				"north": { "uv": [ 13, 6, 15, 16 ], "texture": "#3" },
				"south": { "uv": [ 1, 6, 3, 16 ], "texture": "#3" },
				"west": { "uv": [ 1, 6, 3, 16 ], "texture": "#3" },
				"east": { "uv": [ 13, 6, 15, 16 ], "texture": "#3" }
			}
		},
		{
			"__comment": "Box8",
			"from": [ 13, 0, 1 ],
			"to": [ 15, 10, 3 ],
			"faces": {
				"down": { "uv": [ 1, 1, 3, 3 ], "texture": "#3" },
				"north": { "uv": [ 13, 6, 15, 16 ], "texture": "#3" },
				"south": { "uv": [ 1, 6, 3, 16 ], "texture": "#3" },
				"west": { "uv": [ 1, 6, 3, 16 ], "texture": "#3" },
				"east": { "uv": [ 13, 6, 15, 16 ], "texture": "#3" }
			}
		},
		{
			"__comment": "Box8",
			"from": [ 13, 0, 13 ],
			"to": [ 15, 10, 15 ],
			"faces": {
				"down": { "uv": [ 1, 1, 3, 3 ], "texture": "#3" },
				"north": { "uv": [ 13, 6, 15, 16 ], "texture": "#3" },
				"south": { "uv": [ 1, 6, 3, 16 ], "texture": "#3" },
				"west": { "uv": [ 1, 6, 3, 16 ], "texture": "#3" },
				"east": { "uv": [ 13, 6, 15, 16 ], "texture": "#3" }
			}
		}
	]
}