{
    "variants": {
        "axis=y,variant=thatch": { "model": "tropicraft:thatch_bundle" },
        "axis=z,variant=thatch": { "model": "tropicraft:thatch_bundle", "x": 90 },
        "axis=x,variant=thatch": { "model": "tropicraft:thatch_bundle", "x": 90, "y": 90 },
        "axis=none,variant=thatch": { "model": "tropicraft:thatch_bundle_base" },
        "axis=y,variant=bamboo": { "model": "tropicraft:bamboo_bundle" },
        "axis=z,variant=bamboo": { "model": "tropicraft:bamboo_bundle", "x": 90 },
        "axis=x,variant=bamboo": { "model": "tropicraft:bamboo_bundle", "x": 90, "y": 90 },
        "axis=none,variant=bamboo": { "model": "tropicraft:bamboo_bundle_base" }
    }
}