{
    "variants": {
        "half=bottom,variant=bamboo": { "model": "tropicraft:bamboo_bundle" },
        "half=top,variant=bamboo": { "model": "tropicraft:bamboo_bundle" },
        "half=bottom,variant=thatch": { "model": "tropicraft:thatch_bundle" },
        "half=top,variant=thatch": { "model": "tropicraft:thatch_bundle" },
        "half=bottom,variant=chunk": { "model": "tropicraft:chunk" },
        "half=top,variant=chunk": { "model": "tropicraft:chunk" },
        "half=bottom,variant=palm": { "model": "tropicraft:palm_plank" },
        "half=top,variant=palm": { "model": "tropicraft:palm_plank" },
        "half=bottom,variant=mahogany": { "model": "tropicraft:mahogany_plank" },
        "half=top,variant=mahogany": { "model": "tropicraft:mahogany_plank" }
    }
}