{
    "variants": {
        "axis=y,variant=mahogany": { "model": "tropicraft:mahogany_log" },
        "axis=z,variant=mahogany": { "model": "tropicraft:mahogany_log", "x": 90 },
        "axis=x,variant=mahogany": { "model": "tropicraft:mahogany_log", "x": 90, "y": 90 },
        "axis=none,variant=mahogany": { "model": "tropicraft:mahogany_bark" },
        "axis=y,variant=palm": { "model": "tropicraft:palm_log" },
        "axis=z,variant=palm": { "model": "tropicraft:palm_log", "x": 90 },
        "axis=x,variant=palm": { "model": "tropicraft:palm_log", "x": 90, "y": 90 },
        "axis=none,variant=palm": { "model": "tropicraft:palm_bark" }
    }
}