{
  "forge_marker": 1,
  "defaults": {
    "model": "minecraft:cube_all",
    "transform": "forge:default-block"
  },
  "variants": {
    "variant": {
      "azurite": {
        "textures": { "all": "tropicraft:blocks/ore_azurite" }
      },
      "eudialyte": {
        "textures": { "all": "tropicraft:blocks/ore_eudialyte" }
      },
      "zircon": {
         "textures": { "all": "tropicraft:blocks/ore_zircon" }
      },
      "manganese": {
        "textures": { "all": "tropicraft:blocks/ore_manganese" }
      },
      "shaka": {
        "textures": { "all": "tropicraft:blocks/ore_shaka" }
      }
    }
  }
}