{
    "joints": {
        "drawer_bt": {"0": [1.0]},
        "drawer_l": {"1": [1.0]},
        "drawer_r": {"2": [1.0]},
        "drawer_b": {"3": [1.0]},
        "drawer_f": {"4": [1.0]},
        "drawer_c": {"5": [1.0]},
        "handle": {"6": [1.0]}
    },
    "clips": {
        "closed": {
            "loop": false,
            "joint_clips": { },
            "events": {}
        },
        "open": {
            "loop": true,
            "joint_clips": {
                "drawer_bt": [
                	{
                    "variable": "offset_z",
                    "type": "uniform",
                    "interpolation": "nearest",
                    "samples": [ 0.5 ]
                	}
                ],
                "drawer_l": [
                	{
                    "variable": "offset_z",
                    "type": "uniform",
                    "interpolation": "nearest",
                    "samples": [ 0.5 ]
                	}
                ],
                "drawer_r": [
                	{
                    "variable": "offset_z",
                    "type": "uniform",
                    "interpolation": "nearest",
                    "samples": [ 0.5 ]
                	}
                ],
                "drawer_b": [
                	{
                    "variable": "offset_z",
                    "type": "uniform",
                    "interpolation": "nearest",
                    "samples": [ 0.5 ]
                	}
                ],
                "drawer_f": [
                	{
                    "variable": "offset_z",
                    "type": "uniform",
                    "interpolation": "nearest",
                    "samples": [ 0.5 ]
                	}
                ],
                "drawer_c": [
                	{
                    "variable": "offset_z",
                    "type": "uniform",
                    "interpolation": "nearest",
                    "samples": [ 0.5 ]
                	}
                ],
                "handle": [
                	{
                    "variable": "offset_z",
                    "type": "uniform",
                    "interpolation": "nearest",
                    "samples": [ 0.5 ]
                	}
                ]
            },
            "events": {}
        }
    }
}