{
    "forge_marker": 1,
    "defaults": {
        "model": "emporium:appliance_microwave"
    },
    "variants": {
        "normal": [{}],
        "inventory": [{
            "model": "emporium:appliance_microwave",
            "submodel": {
                "door": {
                    "model": "emporium:appliance_microwave_door"
                }
            }
        }],
        "facing": {
        	"north": { "transform": "identity"                   },
            "south": { "transform": { "rotation": { "y": 180 } } },
            "east":  { "transform": { "rotation": { "y": 270 } } },
            "west":  { "transform": { "rotation": { "y": 90  } } }
        },
        "static": {
            "true": {
                "model": "emporium:appliance_microwave"
            },
            "false": {
                "model": "emporium:appliance_microwave_door"
            }
        }
    }
}