{
    "forge_marker": 1,
    "defaults": {
        "model": "emporium:counter_bar_single"
    },
    "variants": {
    	"inventory": [{}],
		"facing=north,type=single": {"model": "emporium:counter_bar_single"},
		"facing=north,type=left": {"model": "emporium:counter_bar_right"},
		"facing=north,type=center": {"model": "emporium:counter_bar_center"},
		"facing=north,type=right": {"model": "emporium:counter_bar_left"},
		"facing=north,type=corner": {"model": "emporium:counter_bar_corner"},
		
		"facing=south,type=single": {"model": "emporium:counter_bar_single", "y": 180},
		"facing=south,type=left": {"model": "emporium:counter_bar_left", "y": 180},
		"facing=south,type=center": {"model": "emporium:counter_bar_center", "y": 180},
		"facing=south,type=right": {"model": "emporium:counter_bar_right", "y": 180},
		"facing=south,type=corner": {"model": "emporium:counter_bar_corner", "y": 180},
		
		"facing=east,type=single": {"model": "emporium:counter_bar_single", "y": 90},
		"facing=east,type=left": {"model": "emporium:counter_bar_left", "y": 90},
		"facing=east,type=center": {"model": "emporium:counter_bar_center", "y": 90},
		"facing=east,type=right": {"model": "emporium:counter_bar_right", "y": 90},
		"facing=east,type=corner": {"model": "emporium:counter_bar_corner", "y": 90},
		
		"facing=west,type=single": {"model": "emporium:counter_bar_single", "y": 270},
		"facing=west,type=left": {"model": "emporium:counter_bar_right", "y": 270},
		"facing=west,type=center": {"model": "emporium:counter_bar_center", "y": 270},
		"facing=west,type=right": {"model": "emporium:counter_bar_left", "y": 270},
		"facing=west,type=corner": {"model": "emporium:counter_bar_corner", "y": 270}	
	}
}
