{
    "forge_marker": 1,
    "defaults": {
        "model": "forge:multi-layer",
        "custom": {
        	"base": "emporium:industrial_stack_scanner#base",
        	"Solid": "emporium:industrial_stack_scanner#base",
        	"Translucent": "emporium:industrial_stack_scanner#trans"
        },
        "transform": "forge:default-block"
    },
    "variants": {
        "inventory": [{}],
        "base": [{
            "model": "emporium:industrial_stack_scanner"
        }],
        "trans": [{
            "model": "emporium:industrial_stack_scanner_trans"
        }],
        "facing": {
        	"north": {},
        	"south": {"y": 180},
        	"east":  {"y": 90},
        	"west":  { "y": 270 }
        }
    }
}