{
    "forge_marker": 1,
    "defaults": {
        "model": "forge:multi-layer",
        "custom": {
            "base": "emporium:glowrescent_fixture_lamp_pink#base",
            "Cutout": "emporium:glowrescent_fixture_lamp_pink#base",
            "Translucent": "emporium:glowrescent_fixture_lamp_pink#trans"
        },
        "transform": "forge:default-block"
    },
    "variants": {
        "normal": [{}],
        "inventory": [{}],
        "base": [{
            "model": "emporium:glowrescent_fixture_lamp"
        }],
        "trans": [{
            "model": "emporium:glowrescent_fixture_lamp_pink"
        }]
    }
}