{
    "forge_marker": 1,
    "defaults": {
        "model": "forge:multi-layer",
        "custom": {
        	"base": "emporium:lamp_library_black#base",
            "Solid": "emporium:lamp_library_black#base",
            "Translucent": "emporium:lamp_library_black#trans"
        },
        "transform": "forge:default-block"
    },
    "variants": {
        "normal": [{}],
        "inventory": [{}],
        "base": [{
            "model": "emporium:lamp_library_0frame"
        }],
        "trans": [{
            "model": "emporium:lamp_library_black"
        }],
        "facing": {
        	"north": {},
        	"south": {"y": 180},
        	"east":  {"y": 90},
        	"west":  { "y": 270 }
        }
    }
}