{
    "forge_marker": 1,
    "defaults": {
        "model": "emporium:table_wood_colorable_single"
    },
    "variants": {
    	"inventory": [{}],
		"facing=north,left=false,right=false": {"model": "emporium:table_wood_colorable_single"},
		"facing=north,left=true,right=false": {"model": "emporium:table_wood_colorable_right"},
		"facing=north,left=true,right=true": {"model": "emporium:table_wood_colorable_center"},
		"facing=north,left=false,right=true": {"model": "emporium:table_wood_colorable_left"},
		
		"facing=south,left=false,right=false": {"model": "emporium:table_wood_colorable_single", "y": 180},
		"facing=south,left=false,right=true": {"model": "emporium:table_wood_colorable_right", "y": 180},
		"facing=south,left=true,right=true": {"model": "emporium:table_wood_colorable_center", "y": 180},
		"facing=south,left=true,right=false": {"model": "emporium:table_wood_colorable_left", "y": 180},
		
		"facing=east,left=false,right=false": {"model": "emporium:table_wood_colorable_single", "y": 90},
		"facing=east,left=false,right=true": {"model": "emporium:table_wood_colorable_right", "y": 90},
		"facing=east,left=true,right=true": {"model": "emporium:table_wood_colorable_center", "y": 90},
		"facing=east,left=true,right=false": {"model": "emporium:table_wood_colorable_left", "y": 90},
		
		"facing=west,left=false,right=false": {"model": "emporium:table_wood_colorable_single", "y": 270},
		"facing=west,left=true,right=false": {"model": "emporium:table_wood_colorable_right", "y": 270},
		"facing=west,left=true,right=true": {"model": "emporium:table_wood_colorable_center", "y": 270},
		"facing=west,left=false,right=true": {"model": "emporium:table_wood_colorable_left", "y": 270}	
	}
}