{
    "parent": "block/block",
    "textures": {
        "particle": "psi:blocks/programmer_top_inactive",
        "0": "psi:blocks/programmer_side_inactive",
        "1": "psi:blocks/programmer_top_inactive",
        "2": "psi:blocks/programmer_bottom",
        "3": "psi:blocks/programmer_legs"
    },
    "elements": [
        {
            "name": "_cube",
            "from": [ 0.0, 8.0, 0.0 ], 
            "to": [ 16.0, 16.0, 16.0 ], 
            "faces": {
                "north": { "texture": "#0", "uv": [ 0.01, 8.01, 15.99, 15.99 ] },
                "east": { "texture": "#0", "uv": [ 0.01, 8.01, 15.99, 15.99 ] },
                "south": { "texture": "#0", "uv": [ 0.01, 0.01, 15.99, 7.99 ] },
                "west": { "texture": "#0", "uv": [ 0.01, 8.01, 15.99, 15.99 ] },
                "up": { "texture": "#1", "uv": [ 0.01, 0.01, 15.99, 15.99 ] },
                "down": { "texture": "#2", "uv": [ 0.01, 0.01, 15.99, 15.99 ] }
            }
        },
        {
            "name": "_leg1",
            "from": [ 2.0, 0.0, 0.0 ], 
            "to": [ 6.0, 8.0, 2.0 ], 
            "faces": {
                "north": { "texture": "#3", "uv": [ 0.01, 3.01, 3.99, 10.99 ] },
                "east": { "texture": "#3", "uv": [ 9.01, 2.01, 10.99, 9.99 ] },
                "south": { "texture": "#3", "uv": [ 0.01, 2.01, 3.99, 9.99 ] },
                "west": { "texture": "#3", "uv": [ 5.01, 2.01, 6.99, 9.99 ] },
                "up": { "texture": "#3", "uv": [ 0.01, 2.01, 3.99, 3.99 ] },
                "down": { "texture": "#3", "uv": [ 0.01, 2.01, 3.99, 3.99 ] }
            }
        },
        {
            "name": "_leg1",
            "from": [ 2.0, 0.0, 2.0 ], 
            "to": [ 6.0, 1.0, 16.0 ], 
            "faces": {
                "north": { "texture": "#3", "uv": [ 0.01, 2.01, 3.99, 2.99 ] },
                "east": { "texture": "#3", "uv": [ 0.01, 1.01, 13.99, 1.99 ] },
                "south": { "texture": "#3", "uv": [ 0.01, 15.01, 3.99, 15.99 ] },
                "west": { "texture": "#3", "uv": [ 2.01, 0.01, 15.99, 0.99 ] },
                "up": { "texture": "#3", "uv": [ 0.01, 2.01, 3.99, 15.99 ] },
                "down": { "texture": "#3", "uv": [ 0.01, 2.01, 3.99, 15.99 ], "rotation": 180 }
            }
        },
        {
            "name": "_leg1",
            "from": [ 2.0, 7.0, 2.0 ], 
            "to": [ 6.0, 8.0, 12.0 ], 
            "faces": {
                "north": { "texture": "#3", "uv": [ 0.01, 0.01, 3.99, 0.99 ] },
                "east": { "texture": "#3", "uv": [ 1.01, 1.01, 10.99, 1.99 ] },
                "south": { "texture": "#3", "uv": [ 0.01, 15.01, 3.99, 15.99 ] },
                "west": { "texture": "#3", "uv": [ 5.01, 0.01, 14.99, 0.99 ] },
                "up": { "texture": "#3", "uv": [ 12.01, 6.01, 15.99, 15.99 ] },
                "down": { "texture": "#3", "uv": [ 12.01, 6.01, 15.99, 15.99 ], "rotation": 180 }
            }
        },
        {
            "name": "_leg2",
            "from": [ 10.0, 0.0, 0.0 ], 
            "to": [ 14.0, 8.0, 2.0 ], 
            "faces": {
                "north": { "texture": "#3", "uv": [ 0.01, 3.01, 3.99, 10.99 ] },
                "east": { "texture": "#3", "uv": [ 9.01, 2.01, 10.99, 9.99 ] },
                "south": { "texture": "#3", "uv": [ 0.01, 2.01, 3.99, 9.99 ] },
                "west": { "texture": "#3", "uv": [ 5.01, 2.01, 6.99, 9.99 ] },
                "up": { "texture": "#3", "uv": [ 0.01, 2.01, 3.99, 3.99 ] },
                "down": { "texture": "#3", "uv": [ 0.01, 2.01, 3.99, 3.99 ] }
            }
        },
        {
            "name": "_leg2",
            "from": [ 10.0, 0.0, 2.0 ], 
            "to": [ 14.0, 1.0, 16.0 ], 
            "faces": {
                "north": { "texture": "#3", "uv": [ 0.01, 2.01, 3.99, 2.99 ] },
                "east": { "texture": "#3", "uv": [ 0.01, 1.01, 13.99, 1.99 ] },
                "south": { "texture": "#3", "uv": [ 0.01, 15.01, 3.99, 15.99 ] },
                "west": { "texture": "#3", "uv": [ 2.01, 0.01, 15.99, 0.99 ] },
                "up": { "texture": "#3", "uv": [ 0.01, 2.01, 3.99, 15.99 ] },
                "down": { "texture": "#3", "uv": [ 0.01, 2.01, 3.99, 15.99 ], "rotation": 180 }
            }
        },
        {
            "name": "_leg2",
            "from": [ 10.0, 7.0, 2.0 ], 
            "to": [ 14.0, 8.0, 12.0 ], 
            "faces": {
                "north": { "texture": "#3", "uv": [ 0.01, 0.01, 3.99, 0.99 ] },
                "east": { "texture": "#3", "uv": [ 1.01, 1.01, 10.99, 1.99 ] },
                "south": { "texture": "#3", "uv": [ 0.01, 15.01, 3.99, 15.99 ] },
                "west": { "texture": "#3", "uv": [ 5.01, 0.01, 14.99, 0.99 ] },
                "up": { "texture": "#3", "uv": [ 12.01, 6.01, 15.99, 15.99 ] },
                "down": { "texture": "#3", "uv": [ 12.01, 6.01, 15.99, 15.99 ], "rotation": 180 }
            }
        }
    ]
}