{
    "parent": "psi:item/_standard_cad",
	"textures": {
        "layer0": "psi:items/cad_creative",
		"layer1": "psi:items/cad_color"
    },
    "elements": [
		{
            "name": "_barrel1",
            "from": [ -6.0, 5.0, 5.5 ], 
            "to": [ 10.0, 14.0, 10.5 ], 
            "faces": {
                "north": { "texture": "layer0", "uv": [ 0.01, 8.01, 7.99, 12.49 ] },
                "east": { "texture": "layer0", "uv": [ 11.01, 4.01, 13.49, 8.49 ] },
                "south": { "texture": "layer0", "uv": [ 7.99, 8.01, 0.01, 12.49 ] },
                "west": { "texture": "layer0", "uv": [ 8.01, 8.01, 10.49, 12.49 ] },
                "up": { "texture": "layer0", "uv": [ 0.01, 0.01, 2.49, 7.99 ], "rotation": 90 },
                "down": { "texture": "layer0", "uv": [ 13.51, 0.01, 15.99, 7.99 ], "rotation": 90 }
            }
        },
        {
            "name": "_barrel2",
            "from": [ 0.0, 10.0, 4.5 ], 
            "to": [ 9.0, 15.0, 11.5 ], 
            "faces": {
                "north": { "texture": "layer0", "uv": [ 0.01, 12.51, 4.49, 14.99 ] },
                "east": { "texture": "layer0", "uv": [ 4.51, 12.51, 7.99, 14.99 ] },
                "south": { "texture": "layer0", "uv": [ 0.01, 12.51, 4.49, 14.99 ] },
                "west": { "texture": "layer0", "uv": [ 4.51, 12.51, 7.99, 14.99 ] },
                "up": { "texture": "layer0", "uv": [ 15.99, 15.99, 12.51, 11.51 ], "rotation": 90 },
                "down": { "texture": "layer0", "uv": [ 12.51, 11.51, 15.99, 15.99 ], "rotation": 90 }
            }
        },
        {
            "name": "_barrel3",
            "from": [ 10.0, 12.0, 5.5 ], 
            "to": [ 18.0, 14.0, 10.5 ], 
            "faces": {
                "north": { "texture": "layer0", "uv": [ 2.51, 7.01, 6.49, 7.99 ] },
                "east": { "texture": "layer0", "uv": [ 6.51, 7.01, 8.99, 7.99 ] },
                "south": { "texture": "layer0", "uv": [ 6.49, 7.01, 2.51, 7.99 ] },
                "up": { "texture": "layer0", "uv": [ 8.51, 0.01, 10.99, 3.99 ], "rotation": 90 },
                "down": { "texture": "layer0", "uv": [ 11.01, 0.01, 13.49, 3.99 ], "rotation": 90 }
            }
        },
        {
            "name": "_barrel4",
            "from": [ 10.0, 9.0, 5.5 ], 
            "to": [ 18.0, 11.0, 10.5 ], 
            "faces": {
                "north": { "texture": "layer0", "uv": [ 2.51, 7.01, 6.49, 7.99 ] },
                "east": { "texture": "layer0", "uv": [ 6.51, 7.01, 8.99, 7.99 ] },
                "south": { "texture": "layer0", "uv": [ 6.49, 7.01, 2.51, 7.99 ] },
                "up": { "texture": "layer0", "uv": [ 8.51, 0.01, 10.99, 3.99 ], "rotation": 90 },
                "down": { "texture": "layer0", "uv": [ 11.01, 0.01, 13.49, 3.99 ], "rotation": 90 }
            }
        },
        {
            "name": "_strap",
            "from": [ 14.0, -5.0, 6.5 ], 
            "to": [ 19.0, 9.0, 9.5 ], 
            "rotation": { "origin": [ 8.0, 8.0, 8.0 ], "axis": "z", "angle": 22.5 },
            "faces": {
                "north": { "texture": "layer0", "uv": [ 4.99, 0.01, 2.51, 6.99 ] },
                "east": { "texture": "layer0", "uv": [ 6.51, 0.01, 7.99, 6.99 ] },
                "south": { "texture": "layer0", "uv": [ 2.51, 0.01, 4.99, 6.99 ] },
                "west": { "texture": "layer0", "uv": [ 5.01, 0.01, 6.5, 6.99 ] }
            }
        },
        {
            "name": "_magazine",
            "from": [ 13.0, -6.0, 6.5 ], 
            "to": [ 19.0, -5.0, 9.5 ], 
            "rotation": { "origin": [ 8.0, 8.0, 8.0 ], "axis": "z", "angle": 22.5 },
            "faces": {
                "north": { "texture": "layer0", "uv": [ 8.01, 4.01, 10.99, 4.49 ] },
                "east": { "texture": "layer0", "uv": [ 8.01, 4.01, 9.49, 4.49 ] },
                "south": { "texture": "layer0", "uv": [ 8.01, 4.01, 10.99, 4.49 ] },
                "west": { "texture": "layer0", "uv": [ 8.01, 4.01, 10.99, 4.49 ] },
                "up": { "texture": "layer0", "uv": [ 8.01, 4.01, 10.99, 5.49 ] },
                "down": { "texture": "layer0", "uv": [ 8.01, 4.01, 10.99, 5.49 ], "rotation": 90 }
            }
        },
        {
            "name": "_trigger _guard1",
            "from": [ 10.0, 6.0, 7.0 ], 
            "to": [ 16.0, 7.0, 9.0 ], 
            "faces": {
                "north": { "texture": "layer0", "uv": [ 8.01, 4.01, 10.99, 4.49 ] },
                "south": { "texture": "layer0", "uv": [ 8.01, 4.01, 10.99, 4.49 ] },
                "up": { "texture": "layer0", "uv": [ 8.01, 4.01, 10.99, 5.99 ] },
                "down": { "texture": "layer0", "uv": [ 8.01, 4.01, 10.99, 5.99 ] }
            }
        },
        {
            "name": "_trigger",
            "from": [ 13.0, 7.0, 7.5 ], 
            "to": [ 16.0, 9.0, 8.5 ], 
            "faces": {
                "north": { "texture": "layer0", "uv": [ 0.01, 15.01, 0.99, 15.99 ] },
                "south": { "texture": "layer0", "uv": [ 1.51, 15.01, 2.49, 15.99 ] },
                "west": { "texture": "layer0", "uv": [ 1.01, 15.01, 1.49, 15.99 ] }
            }
        },
        {
            "name": "_trigger _guard2",
            "from": [ 10.0, 7.0, 7.0 ], 
            "to": [ 11.0, 9.0, 9.0 ], 
            "faces": {
                "north": { "texture": "layer0", "uv": [ 8.01, 4.01, 8.49, 4.99 ] },
                "east": { "texture": "layer0", "uv": [ 8.01, 4.01, 8.99, 4.99 ] },
                "south": { "texture": "layer0", "uv": [ 8.01, 4.01, 8.49, 4.99 ] }
            }
        },
        {
            "name": "_colorizer",
            "from": [ 3.5, 11.0, 6.0 ], 
            "to": [ 17.5, 12.0, 10.0 ], 
            "faces": {
                "north": { "texture": "layer1", "uv": [ 0.0, 0.0, 8.0, 5.0 ], "tintindex": 1 },
                "east": { "texture": "layer1", "uv": [ 0.0, 0.0, 5.0, 5.0 ], "tintindex": 1 },
                "south": { "texture": "layer1", "uv": [ 0.0, 0.0, 8.0, 5.0 ], "tintindex": 1 },
                "west": { "texture": "layer1", "uv": [ 0.0, 0.0, 5.0, 5.0 ], "tintindex": 1 },
                "up": { "texture": "layer1", "uv": [ 0.0, 0.0, 8.0, 5.0 ], "tintindex": 1 },
                "down": { "texture": "layer1", "uv": [ 0.0, 0.0, 8.0, 5.0 ], "tintindex": 1 }
            }
        }
    ],
    "display": {
    "gui": {
      "rotation": [ 0, -20, -40 ],
      "translation": [ 0, 0, 0 ],
      "scale": [ 0.4, 0.4, 0.4 ]
    },
    "ground": {
      "rotation": [ 0, 0, 0 ],
      "translation": [ 0, 0, 0 ],
      "scale": [ 0.4, 0.4, 0.4 ]
    },
    "fixed": {
      "rotation": [ 0, 0, 0 ],
      "translation": [ 0, 0, 0 ],
      "scale": [ 0.45, 0.45, 0.45 ]
    },
    "thirdperson_lefthand": {
      "rotation": [ 0, 90, 0 ],
      "translation": [ 0, -0.15, -1.95 ],
      "scale": [ 0.4, 0.4, 0.4 ]
    },
    "thirdperson_righthand": {
      "rotation": [ 0, -90, 0 ],
      "translation": [ 0, -0.15, -1.95 ],
      "scale": [ 0.4, 0.4, 0.4 ]
    },
    "firstperson_lefthand": {
      "rotation": [ 10, 80, -5 ],
      "translation": [ 0.8, 2.5, 0 ],
      "scale": [ 0.45, 0.45, 0.45 ]
    },
    "firstperson_righthand": {
      "rotation": [ 10, -80, 5 ],
      "translation": [ -1.8, 2.5, 0 ],
      "scale": [ 0.45, 0.45, 0.45 ]
    }
  }
}