{
    "parent": "psi:item/_standard_cad",
	"textures": { 
		"layer0": "psi:items/cad_psimetal",
        "layer1": "psi:items/cad_color"
	},
	"elements": [
		{
            "name": "_barrel1",
            "from": [ -4.0, 10.0, 5.5 ], 
            "to": [ 10.0, 14.0, 10.5 ], 
            "faces": {
                "north": { "texture": "layer0", "uv": [ 0.01, 9.01, 6.99, 10.99 ] },
				"east": { "texture": "layer0", "uv": [ 7.01, 9.01, 9.49, 10.99 ] },
                "south": { "texture": "layer0", "uv": [ 6.99, 9.01, 0.01, 10.99 ] },
                "west": { "texture": "layer0", "uv": [ 7.01, 9.01, 9.49, 10.99 ] },
                "up": { "texture": "layer0", "uv": [ 0.01, 0.01, 2.49, 6.99 ], "rotation": 90 },
                "down": { "texture": "layer0", "uv": [ 8.51, 0.01, 10.99, 6.99 ], "rotation": 90 }
            }
        },
        {
            "name": "_barrel2",
            "from": [ -4.0, 5.0, 5.5 ], 
            "to": [ 10.0, 9.0, 10.5 ], 
            "faces": {
                "north": { "texture": "layer0", "uv": [ 0.01, 11.01, 6.99, 12.99 ] },
                "east": { "texture": "layer0", "uv": [ 8.51, 5.01, 10.99, 6.99 ] },
                "south": { "texture": "layer0", "uv": [ 6.99, 11.01, 0.01, 12.99 ] },
                "west": { "texture": "layer0", "uv": [ 7.01, 9.01, 9.49, 10.99 ] },
                "up": { "texture": "layer0", "uv": [ 11.01, 0.01, 13.49, 6.99 ], "rotation": 90 },
                "down": { "texture": "layer0", "uv": [ 13.5, 6.99, 15.99, 0.01 ], "rotation": 90 }
            }
        },
        {
            "name": "_barrel3",
            "from": [ 10.0, 12.0, 5.5 ], 
            "to": [ 18.0, 14.0, 10.5 ], 
            "faces": {
                "north": { "texture": "layer0", "uv": [ 0.01, 8.01, 3.99, 8.99 ] },
                "east": { "texture": "layer0", "uv": [ 4.01, 8.01, 6.49, 8.99 ] },
                "south": { "texture": "layer0", "uv": [ 3.99, 8.01, 0.01, 8.99 ] },
                "up": { "texture": "layer0", "uv": [ 11.01, 7.01, 13.49, 10.99 ], "rotation": 90 },
                "down": { "texture": "layer0", "uv": [ 13.51, 7.01, 15.99, 10.99 ], "rotation": 90 }
            }
        },
        {
            "name": "_barrel4",
            "from": [ 7.0, 9.0, 5.5 ], 
            "to": [ 18.0, 10.0, 10.5 ], 
            "faces": {
                "north": { "texture": "layer0", "uv": [ 0.01, 7.51, 5.49, 7.99 ] },
                "east": { "texture": "layer0", "uv": [ 4.01, 8.51, 6.5, 8.99 ] },
                "south": { "texture": "layer0", "uv": [ 5.49, 7.51, 0.01, 7.99 ] },
                "west": { "texture": "layer0", "uv": [ 8.51, 6.51, 10.99, 6.99 ] },
                "up": { "texture": "layer0", "uv": [ 13.51, 7.01, 15.99, 12.49 ], "rotation": 90 },
                "down": { "texture": "layer0", "uv": [ 13.51, 7.01, 15.99, 12.49 ], "rotation": 90 }
            }
        },
        {
            "name": "_barrel5",
            "from": [ -3.5, 9.0, 6.0 ], 
            "to": [ 7.5, 10.0, 10.0 ], 
            "faces": {
                "north": { "texture": "layer0", "uv": [ 5.49, 7.01, 0.01, 7.49 ] },
                "east": { "texture": "layer0", "uv": [ 6.01, 7.01, 7.99, 7.49 ] },
                "south": { "texture": "layer0", "uv": [ 0.01, 7.01, 5.49, 7.49 ] },
                "west": { "texture": "layer0", "uv": [ 6.01, 7.01, 7.99, 7.49 ] }
            }
        },
		{
            "name": "_strap",
            "from": [ 14.0, -5.0, 6.5 ], 
            "to": [ 19.0, 9.0, 9.5 ], 
            "rotation": { "origin": [ 8.0, 8.0, 8.0 ], "axis": "z", "angle": 22.5 },
            "faces": {
                "north": { "texture": "layer0", "uv": [ 2.51, 0.01, 4.99, 6.99 ] },
                "east": { "texture": "layer0", "uv": [ 6.51, 0.01, 7.99, 6.99 ] },
                "south": { "texture": "layer0", "uv": [ 4.99, 0.01, 2.51, 6.99 ] },
                "west": { "texture": "layer0", "uv": [ 5.01, 0.01, 6.49, 6.99 ] }
            }
        },
        {
            "name": "_magazine",
            "from": [ 13.0, -6.0, 6.5 ], 
            "to": [ 19.0, -5.0, 9.5 ], 
            "rotation": { "origin": [ 8.0, 8.0, 8.0 ], "axis": "z", "angle": 22.5 },
            "faces": {
                "north": { "texture": "layer0", "uv": [ 11.51, 11.01, 14.49, 11.49 ] },
                "east": { "texture": "layer0", "uv": [ 11.51, 11.01, 12.99, 11.49 ] },
                "south": { "texture": "layer0", "uv": [ 14.51, 11.01, 11.49, 11.49 ] },
                "west": { "texture": "layer0", "uv": [ 11.51, 11.01, 12.99, 11.49 ] },
                "up": { "texture": "layer0", "uv": [ 11.51, 11.01, 14.49, 12.49 ] },
                "down": { "texture": "layer0", "uv": [ 11.51, 11.01, 14.49, 12.49 ] }
            }
        },
        {
            "name": "_trigger _guard1",
            "from": [ 10.0, 6.0, 7.0 ], 
            "to": [ 16.0, 7.0, 9.0 ], 
            "faces": {
                "north": { "texture": "layer0", "uv": [ 11.51, 11.01, 14.49, 11.49 ] },
                "south": { "texture": "layer0", "uv": [ 14.49, 11.01, 11.51, 11.49 ] },
                "up": { "texture": "layer0", "uv": [ 11.51, 11.01, 14.49, 11.99 ] },
                "down": { "texture": "layer0", "uv": [ 11.51, 11.01, 14.49, 11.99 ] }
            }
        },
        {
            "name": "_trigger",
            "from": [ 13.0, 7.0, 7.5 ], 
            "to": [ 16.0, 9.0, 8.5 ], 
            "faces": {
                "north": { "texture": "layer0", "uv": [ 0.01, 13.01, 0.99, 13.99 ] },
                "south": { "texture": "layer0", "uv": [ 1.51, 13.01, 2.49, 13.99 ] },
                "west": { "texture": "layer0", "uv": [ 1.01, 13.01, 1.49, 13.99 ] }
            }
        },
        {
            "name": "_trigger _guard2",
            "from": [ 10.0, 7.0, 7.0 ], 
            "to": [ 11.0, 9.0, 9.0 ], 
            "faces": {
                "north": { "texture": "layer0", "uv": [ 11.51, 11.01, 11.99, 11.99 ] },
                "east": { "texture": "layer0", "uv": [ 11.51, 11.01, 12.49, 11.99 ] },
                "south": { "texture": "layer0", "uv": [ 11.51, 11.01, 11.99, 11.99 ] }
            }
        },
        {
            "name": "_colorizer",
            "from": [ 3.5, 10.0, 6.0 ], 
            "to": [ 17.5, 13.0, 10.0 ], 
            "faces": {
                "north": { "texture": "layer1", "uv": [ 0.0, 0.0, 8.0, 5.0 ], "tintindex": 1 },
                "east": { "texture": "layer1", "uv": [ 0.0, 0.0, 5.0, 5.0 ], "tintindex": 1 },
                "south": { "texture": "layer1", "uv": [ 0.0, 0.0, 8.0, 5.0 ], "tintindex": 1 },
                "west": { "texture": "layer1", "uv": [ 0.0, 0.0, 5.0, 5.0 ], "tintindex": 1 },
                "up": { "texture": "layer1", "uv": [ 0.0, 0.0, 8.0, 5.0 ], "tintindex": 1 },
                "down": { "texture": "layer1", "uv": [ 0.0, 0.0, 8.0, 5.0 ], "tintindex": 1 }
            }
        }
    ],
    "display": {
    "gui": {
      "rotation": [ 0, -20, -40 ],
      "translation": [ 0, 0, 0 ],
      "scale": [ 0.4, 0.4, 0.4 ]
    },
    "ground": {
      "rotation": [ 0, 0, 0 ],
      "translation": [ 0, 0, 0 ],
      "scale": [ 0.4, 0.4, 0.4 ]
    },
    "fixed": {
      "rotation": [ 0, 0, 0 ],
      "translation": [ 0, 0, 0 ],
      "scale": [ 0.45, 0.45, 0.45 ]
    },
    "thirdperson_lefthand": {
      "rotation": [ 0, 90, 0 ],
      "translation": [ 0, -0.15, -1.95 ],
      "scale": [ 0.4, 0.4, 0.4 ]
    },
    "thirdperson_righthand": {
      "rotation": [ 0, -90, 0 ],
      "translation": [ 0, -0.15, -1.95 ],
      "scale": [ 0.4, 0.4, 0.4 ]
    },
    "firstperson_lefthand": {
      "rotation": [ 10, 80, -5 ],
      "translation": [ 0.8, 2.5, 0 ],
      "scale": [ 0.45, 0.45, 0.45 ]
    },
    "firstperson_righthand": {
      "rotation": [ 10, -80, 5 ],
      "translation": [ -1.8, 2.5, 0 ],
      "scale": [ 0.45, 0.45, 0.45 ]
    }
  }
}