{
    "parent": "psi:item/_standard_cad",
	"textures": { 
		"layer0": "psi:items/cad_ivory_psimetal",
		"layer1": "psi:items/cad_color"
	},
	"elements": [
        {
            "name": "_barrel1",
            "from": [ -16.0, 11.0, 5.5 ], 
            "to": [ 10.0, 14.0, 10.5 ], 
            "faces": {
                "north": { "texture": "layer0", "uv": [ 0.0, 8.25, 6.50, 9.00 ] },
                "east": { "texture": "layer0", "uv": [ 0.0, 0.0, 1.25, 1.25 ] },
                "south": { "texture": "layer0", "uv": [ 6.50, 8.25, 0.0, 9.00 ] },
                "west": { "texture": "layer0", "uv": [ 6.50, 8.25, 7.75, 9.00 ] },
                "up": { "texture": "layer0", "uv": [ 0.00, 0.00, 1.25, 6.50 ], "rotation": 90 },
                "down": { "texture": "layer0", "uv": [ 4.25, 0.00, 5.50, 6.50 ], "rotation": 90 }
            }
        },
		{
            "name": "_barrel2",
            "from": [ -16.0, 7.0, 5.5 ], 
            "to": [ 10.0, 10.0, 10.5 ], 
            "faces": {
                "north": { "texture": "layer0", "uv": [ 0.00, 9.00, 6.50, 9.75 ] },
                "east": { "texture": "layer0", "uv": [ 6.75, 0.00, 8.00, 1.25 ] },
                "south": { "texture": "layer0", "uv": [ 6.50, 9.00, 0.0, 9.75 ] },
                "west": { "texture": "layer0", "uv": [ 6.50, 9.00, 7.75, 9.75 ] },
                "up": { "texture": "layer0", "uv": [ 5.50, 0.0, 6.75, 6.50 ], "rotation": 90 },
                "down": { "texture": "layer0", "uv": [ 6.75, 6.50, 8, 0.0 ], "rotation": 270 }
            }
        },
        {
            "name": "_barrel3",
            "from": [ 10.0, 12.0, 5.5 ], 
            "to": [ 18.0, 14.0, 10.5 ], 
            "faces": {
                "north": { "texture": "layer0", "uv": [ 0.00, 7.0, 2.00, 7.5 ] },
				"east": { "texture": "layer0", "uv": [ 2.00, 7.0, 3.25, 7.5 ] },
                "south": { "texture": "layer0", "uv": [ 2.00, 7.0, 0, 7.5 ] },
                "up": { "texture": "layer0", "uv": [ 2.50, 3.50, 3.75, 5.50 ], "rotation": 90 },
                "down": { "texture": "layer0", "uv": [ 1.25, 3.50, 2.50, 5.50 ], "rotation": 90 }
            }
        },
        {
            "name": "_barrel4",
            "from": [ 10.0, 9.0, 5.5 ], 
            "to": [ 18.0, 10.0, 10.5 ], 
            "faces": {
                "north": { "texture": "layer0", "uv": [ 0.00, 7.75, 2.00, 8.00 ] },
                "east": { "texture": "layer0", "uv": [ 2.00, 7.75, 3.25, 8.00 ] },
                "south": { "texture": "layer0", "uv": [ 2.00, 7.75, 0.00, 8.00 ] },
                "up": { "texture": "layer0", "uv": [ 1.25, 3.50, 2.50, 5.50 ], "rotation": 90 },
                "down": { "texture": "layer0", "uv": [ 1.25, 3.50, 2.50, 5.50 ], "rotation": 90 }
            }
        },
        {
            "name": "_barrel5",
            "from": [ -15.5, 10.0, 6.0 ], 
            "to": [ 0.5, 11.0, 10.0 ], 
            "faces": {
                "north": { "texture": "layer0", "uv": [ 0.00, 8.00, 4.00, 8.25 ] },
				"east": { "texture": "layer0", "uv": [ 4.00, 8.00, 5.00, 8.25 ] },
                "south": { "texture": "layer0", "uv": [ 4.00, 8.00, 0.00, 8.25 ] },
				"west": { "texture": "layer0", "uv": [ 4.00, 8.00, 5.00, 8.25 ] }
            }
        },
        {
            "name": "_barrel6",
            "from": [ 0.0, 10.0, 5.5 ], 
            "to": [ 10.0, 11.0, 10.5 ], 
            "faces": {
                "north": { "texture": "layer0", "uv": [ 0.00, 7.50, 2.50, 7.75 ] },
                "east": { "texture": "layer0", "uv": [ 2.00, 7.75, 3.25, 8.00 ] },
                "south": { "texture": "layer0", "uv": [ 2.50, 7.50, 0.00, 7.75 ] },
                "west": { "texture": "layer0", "uv": [ 2.00, 7.75, 3.25, 8.00 ] }
            }
        },
        {
            "name": "_strap",
            "from": [ 14.0, -5.0, 6.5 ], 
            "to": [ 19.0, 9.0, 9.5 ], 
            "rotation": { "origin": [ 8.0, 8.0, 8.0 ], "axis": "z", "angle": 22.5 },
            "faces": {
                "north": { "texture": "layer0", "uv": [ 1.25, 0.00, 2.50, 3.50 ] },
                "east": { "texture": "layer0", "uv": [ 3.25, 0.00, 4.00, 3.50 ] },
                "south": { "texture": "layer0", "uv": [ 2.50, 0.00, 1.25, 3.50 ] },
                "west": { "texture": "layer0", "uv": [ 2.50, 0.0, 3.25, 3.5 ] },
                "up": { "texture": "#2", "uv": [ 0.0, 0.0, 2.5, 1.5 ] }
            }
        },
        {
            "name": "_magazine",
            "from": [ 13.0, -6.0, 6.5 ], 
            "to": [ 19.0, -5.0, 9.5 ], 
            "rotation": { "origin": [ 8.0, 8.0, 8.0 ], "axis": "z", "angle": 22.5 },
            "faces": {
                "north": { "texture": "layer0", "uv": [ 0.00, 9.75, 1.50, 10.00 ] },
                "east": { "texture": "layer0", "uv": [ 0.00, 9.75, 0.75, 10.00 ] },
                "south": { "texture": "layer0", "uv": [ 1.50, 9.75, 0.00, 10.00 ] },
                "west": { "texture": "layer0", "uv": [ 0.75, 9.75, 0.00, 10.00 ] },
                "up": { "texture": "layer0", "uv": [ 0.00, 9.75, 0.75, 10.50 ] },
                "down": { "texture": "layer0", "uv": [ 0.00, 9.75, 0.75, 10.50 ] }
            }
        },
        {
            "name": "_trigger _guard1",
            "from": [ 10.0, 6.0, 7.0 ], 
            "to": [ 16.0, 7.0, 9.0 ], 
            "faces": {
                "north": { "texture": "layer0", "uv": [ 0.00, 9.75, 1.50, 10.00 ] },
                "east": { "texture": "layer0", "uv": [ 0.00, 9.75, 0.50, 10.00 ] },
                "south": { "texture": "layer0", "uv": [ 1.50, 9.75, 0.00, 10.00 ] },
                "west": { "texture": "layer0", "uv": [ 0.50, 9.75, 0.00, 10.00 ] },
                "up": { "texture": "layer0", "uv": [ 0.00, 9.75, 0.75, 10.25 ] },
                "down": { "texture": "layer0", "uv": [ 0.00, 9.75, 0.75, 10.25 ] }
            }
        },
        {
            "name": "_trigger",
            "from": [ 13.0, 7.0, 7.5 ], 
            "to": [ 16.0, 9.0, 8.5 ], 
            "faces": {
                "north": { "texture": "layer0", "uv": [ 0.00, 6.50, 0.50, 7.00 ] },
                "south": { "texture": "layer0", "uv": [ 0.50, 6.50, 0.75, 7.00 ] },
                "west": { "texture": "layer0", "uv": [ 0.75, 6.50, 1.25, 7.00 ] }
            }
        },
        {
            "name": "_trigger _guard2",
            "from": [ 10.0, 7.0, 7.0 ], 
            "to": [ 11.0, 9.0, 9.0 ], 
            "faces": {
                "north": { "texture": "layer0", "uv": [ 0.00, 9.75, 0.25, 10.00 ] },
                "east": { "texture": "layer0", "uv": [ 0.00, 9.75, 0.50, 10.00 ] },
                "south": { "texture": "layer0", "uv": [ 0.00, 9.75, 0.25, 10.00 ] }
            }
        },
        {
            "name": "_colorizer",
            "from": [ 3.5, 10.0, 6.0 ], 
            "to": [ 17.5, 12.0, 10.0 ], 
            "faces": {
                "north": { "texture": "layer1", "uv": [ 0.0, 0.0, 8.0, 5.0 ], "tintindex": 1 },
                "east": { "texture": "layer1", "uv": [ 0.0, 0.0, 5.0, 5.0 ], "tintindex": 1 },
                "south": { "texture": "layer1", "uv": [ 0.0, 0.0, 8.0, 5.0 ], "tintindex": 1 },
                "west": { "texture": "layer1", "uv": [ 0.0, 0.0, 5.0, 5.0 ], "tintindex": 1 },
                "up": { "texture": "layer1", "uv": [ 0.0, 0.0, 8.0, 5.0 ], "tintindex": 1 },
                "down": { "texture": "layer1", "uv": [ 0.0, 0.0, 8.0, 5.0 ], "tintindex": 1 }
            }
        }
    ],
    "display": {
    "gui": {
      "rotation": [ 0, -20, -40 ],
      "translation": [ 0, 0, 0 ],
      "scale": [ 0.4, 0.4, 0.4 ]
    },
    "ground": {
      "rotation": [ 0, 0, 0 ],
      "translation": [ 0, 0, 0 ],
      "scale": [ 0.4, 0.4, 0.4 ]
    },
    "fixed": {
      "rotation": [ 0, 0, 0 ],
      "translation": [ 0, 0, 0 ],
      "scale": [ 0.45, 0.45, 0.45 ]
    },
    "thirdperson_lefthand": {
      "rotation": [ 0, 90, 0 ],
      "translation": [ 0, -0.15, -1.95 ],
      "scale": [ 0.4, 0.4, 0.4 ]
    },
    "thirdperson_righthand": {
      "rotation": [ 0, -90, 0 ],
      "translation": [ 0, -0.15, -1.95 ],
      "scale": [ 0.4, 0.4, 0.4 ]
    },
    "firstperson_lefthand": {
      "rotation": [ 10, 80, -5 ],
      "translation": [ 0.8, 2.5, 0 ],
      "scale": [ 0.45, 0.45, 0.45 ]
    },
    "firstperson_righthand": {
      "rotation": [ 10, -80, 5 ],
      "translation": [ -1.8, 2.5, 0 ],
      "scale": [ 0.45, 0.45, 0.45 ]
    }
  }
}