{
	"__comment": "Designed by Wiiv with Cubik Studio - https://cubik.studio",
	"parent": "psi:item/_standard_cad",
	"textures": {
		"0": "psi:items/cad_creative",
		"1": "psi:items/cad_color"
	},
	"elements": [ 	 
		{
			"name": "colorizer",
			"from": [ 7.5, 19, 7 ],
			"to": [ 8.5, 22, 10 ],
			"rotation": { "origin": [ 7.5, 19, 7 ], "axis": "x", "angle": -22.5 },
			"faces": {
				"down": { "uv": [ 0, 0, 0, 0 ], "texture": "#1", "tintindex": 1  },
				"up": { "uv": [ 0, 0, 0, 0 ], "texture": "#1", "tintindex": 1  },
				"north": { "uv": [ 0, 0, 0, 0 ], "texture": "#1", "tintindex": 1  },
				"south": { "uv": [ 0, 0, 0, 0 ], "texture": "#1", "tintindex": 1  },
				"west": { "uv": [ 0, 0, 0, 0 ], "texture": "#1", "tintindex": 1  },
				"east": { "uv": [ 0, 0, 0, 0 ], "texture": "#1", "tintindex": 1  }
			}
		},
		{
			"__comment": "Box8",
			"from": [ 5.5, 22, 2 ],
			"to": [ 10.5, 27, 9 ],
			"rotation": { "origin": [ 5.5, 22, 9 ], "axis": "x", "angle": 22.5 },
			"faces": {
				"down": { "uv": [ 11, 7, 6, 0 ], "texture": "#0" },
				"up": { "uv": [ 6, 0, 11, 6.5 ], "texture": "#0" },
				"north": { "uv": [ 16, 12, 11, 7 ], "texture": "#0" },
				"south": { "uv": [ 6, 7, 11, 12 ], "texture": "#0" },
				"west": { "uv": [ 11, 0, 16, 7 ], "texture": "#0", "rotation": 270 },
				"east": { "uv": [ 11, 0, 16, 7 ], "texture": "#0", "rotation": 90 }
			}
		},
		{
			"__comment": "Box8",
			"from": [ 7, 18, 7 ],
			"to": [ 9, 22, 9 ],
			"faces": {
				"down": { "uv": [ 4, 7, 6, 9 ], "texture": "#0" },
				"up": { "uv": [ 4, 7, 6, 9 ], "texture": "#0" },
				"north": { "uv": [ 2, 7, 4, 11 ], "texture": "#0" },
				"south": { "uv": [ 2, 7, 4, 11 ], "texture": "#0" },
				"west": { "uv": [ 2, 7, 4, 11 ], "texture": "#0" },
				"east": { "uv": [ 2, 7, 4, 11 ], "texture": "#0" }
			}
		},
		{
			"__comment": "Box8",
			"from": [ 7, 2, 7 ],
			"to": [ 9, 18, 9 ],
			"faces": {
				"down": { "uv": [ 0, 14, 2, 16 ], "texture": "#0" },
				"up": { "uv": [ 0, 0, 2, 2 ], "texture": "#0" },
				"north": { "uv": [ 0, 0, 2, 16 ], "texture": "#0" },
				"south": { "uv": [ 0, 0, 2, 16 ], "texture": "#0" },
				"west": { "uv": [ 0, 0, 2, 16 ], "texture": "#0" },
				"east": { "uv": [ 0, 0, 2, 16 ], "texture": "#0" }
			}
		},
		{
			"__comment": "Box8",
			"from": [ 8.5, 19, 7 ],
			"to": [ 9.5, 23, 11 ],
			"rotation": { "origin": [ 8.5, 19, 7 ], "axis": "x", "angle": -22.5 },
			"faces": {
				"down": { "uv": [ 5, 0, 6, 4 ], "texture": "#0" },
				"up": { "uv": [ 2, 4, 3, 0 ], "texture": "#0" },
				"north": { "uv": [ 5, 0, 6, 4 ], "texture": "#0" },
				"south": { "uv": [ 2, 0, 3, 4 ], "texture": "#0" },
				"west": { "uv": [ 2, 0, 6, 4 ], "texture": "#0" },
				"east": { "uv": [ 2, 0, 6, 4 ], "texture": "#0" }
			}
		},
		{
			"__comment": "Box8",
			"from": [ 6.5, 19, 7 ],
			"to": [ 7.5, 23, 11 ],
			"rotation": { "origin": [ 6.5, 19, 7 ], "axis": "x", "angle": -22.5 },
			"faces": {
				"down": { "uv": [ 5, 0, 6, 4 ], "texture": "#0" },
				"up": { "uv": [ 2, 4, 3, 0 ], "texture": "#0" },
				"north": { "uv": [ 5, 0, 6, 4 ], "texture": "#0" },
				"south": { "uv": [ 2, 0, 3, 4 ], "texture": "#0" },
				"west": { "uv": [ 2, 0, 6, 4 ], "texture": "#0" },
				"east": { "uv": [ 2, 0, 6, 4 ], "texture": "#0" }
			}
		}
	]
}