{
	"__comment": "Designed by Wiiv with Cubik Studio - https://cubik.studio",
	"parent": "psi:item/_standard_cad",
	"textures": {
		"0": "psi:items/cad_psimetal_ivory",
		"1": "psi:items/cad_color"
	},
	"elements": [ 	 
		{
			"name": "colorizer",
			"from": [ 7.5, 19, 7 ],
			"to": [ 8.5, 22, 10 ],
			"rotation": { "origin": [ 7.5, 19, 7 ], "axis": "x", "angle": -22.5 },
			"faces": {
				"down": { "uv": [ 0, 0, 0, 0 ], "texture": "#1", "tintindex": 1  },
				"up": { "uv": [ 0, 0, 0, 0 ], "texture": "#1", "tintindex": 1  },
				"north": { "uv": [ 0, 0, 0, 0 ], "texture": "#1", "tintindex": 1  },
				"south": { "uv": [ 0, 0, 0, 0 ], "texture": "#1", "tintindex": 1  },
				"west": { "uv": [ 0, 0, 0, 0 ], "texture": "#1", "tintindex": 1  },
				"east": { "uv": [ 0, 0, 0, 0 ], "texture": "#1", "tintindex": 1  }
			}
		},
		{
			"__comment": "Box8",
			"from": [ 7, 18, 7 ],
			"to": [ 9, 22, 9 ],
			"faces": {
				"down": { "uv": [ 4, 7, 6, 9 ], "texture": "#0" },
				"up": { "uv": [ 4, 7, 6, 9 ], "texture": "#0" },
				"north": { "uv": [ 2, 7, 4, 11 ], "texture": "#0" },
				"south": { "uv": [ 2, 7, 4, 11 ], "texture": "#0" },
				"west": { "uv": [ 2, 7, 4, 11 ], "texture": "#0" },
				"east": { "uv": [ 2, 7, 4, 11 ], "texture": "#0" }
			}
		},
		{
			"__comment": "Box8",
			"from": [ 7, 2, 7 ],
			"to": [ 9, 18, 9 ],
			"faces": {
				"down": { "uv": [ 0, 14, 2, 16 ], "texture": "#0" },
				"up": { "uv": [ 0, 0, 2, 2 ], "texture": "#0" },
				"north": { "uv": [ 0, 0, 2, 16 ], "texture": "#0" },
				"south": { "uv": [ 0, 0, 2, 16 ], "texture": "#0" },
				"west": { "uv": [ 0, 0, 2, 16 ], "texture": "#0" },
				"east": { "uv": [ 0, 0, 2, 16 ], "texture": "#0" }
			}
		},
		{
			"__comment": "Box8",
			"from": [ 8.5, 19, 7 ],
			"to": [ 9.5, 23, 11 ],
			"rotation": { "origin": [ 8.5, 19, 7 ], "axis": "x", "angle": -22.5 },
			"faces": {
				"down": { "uv": [ 5, 4, 6, 0 ], "texture": "#0" },
				"up": { "uv": [ 5, 4, 6, 0 ], "texture": "#0" },
				"north": { "uv": [ 2, 0, 3, 4 ], "texture": "#0" },
				"south": { "uv": [ 2, 0, 3, 4 ], "texture": "#0" },
				"west": { "uv": [ 2, 0, 6, 4 ], "texture": "#0" },
				"east": { "uv": [ 2, 0, 6, 4 ], "texture": "#0" }
			}
		},
		{
			"__comment": "Box8",
			"from": [ 6.5, 19, 7 ],
			"to": [ 7.5, 23, 11 ],
			"rotation": { "origin": [ 6.5, 19, 7 ], "axis": "x", "angle": -22.5 },
			"faces": {
				"down": { "uv": [ 5, 4, 6, 0 ], "texture": "#0" },
				"up": { "uv": [ 5, 4, 6, 0 ], "texture": "#0" },
				"north": { "uv": [ 2, 0, 3, 4 ], "texture": "#0" },
				"south": { "uv": [ 2, 0, 3, 4 ], "texture": "#0" },
				"west": { "uv": [ 2, 0, 6, 4 ], "texture": "#0" },
				"east": { "uv": [ 2, 0, 6, 4 ], "texture": "#0" }
			}
		},
		{
			"__comment": "Box8",
			"from": [ 7, 23, 6 ],
			"to": [ 9, 25, 8 ],
			"rotation": { "origin": [ 7, 23, 8 ], "axis": "x", "angle": 22.5 },
			"faces": {
				"down": { "uv": [ 15, 2, 13, 0 ], "texture": "#0", "rotation": 270 },
				"up": { "uv": [ 13, 0, 15, 2 ], "texture": "#0" },
				"north": { "uv": [ 15, 2, 13, 0 ], "texture": "#0", "rotation": 270 },
				"south": { "uv": [ 13, 0, 15, 2 ], "texture": "#0", "rotation": 180 },
				"west": { "uv": [ 13, 0, 15, 2 ], "texture": "#0" },
				"east": { "uv": [ 13, 0, 15, 2 ], "texture": "#0", "rotation": 270 }
			}
		},
		{
			"__comment": "Box8",
			"from": [ 6.5, 0, 7 ],
			"to": [ 9.5, 3, 10 ],
			"rotation": { "origin": [ 6.5, 3, 7 ], "axis": "x", "angle": 22.5 },
			"faces": {
				"down": { "uv": [ 2, 4, 5, 7 ], "texture": "#0" },
				"up": { "uv": [ 2, 4, 5, 7 ], "texture": "#0" },
				"north": { "uv": [ 2, 4, 5, 7 ], "texture": "#0" },
				"south": { "uv": [ 2, 4, 5, 7 ], "texture": "#0" },
				"west": { "uv": [ 5, 4, 8, 7 ], "texture": "#0" },
				"east": { "uv": [ 5, 4, 8, 7 ], "texture": "#0" }
			}
		},
		{
			"__comment": "Box8",
			"from": [ 5, 22, 4 ],
			"to": [ 8, 25, 7 ],
			"rotation": { "origin": [ 5, 25, 7 ], "axis": "x", "angle": 45 },
			"faces": {
				"down": { "uv": [ 10, 0, 13, 3 ], "texture": "#0", "rotation": 270 },
				"up": { "uv": [ 10, 0, 13, 3 ], "texture": "#0", "rotation": 180 },
				"north": { "uv": [ 13, 3, 10, 0 ], "texture": "#0" },
				"south": { "uv": [ 13, 3, 10, 0 ], "texture": "#0", "rotation": 270 },
				"west": { "uv": [ 10, 0, 13, 3 ], "texture": "#0", "rotation": 270 },
				"east": { "uv": [ 10, 0, 13, 3 ], "texture": "#0" }
			}
		},
		{
			"__comment": "Box8",
			"from": [ 8, 25, 7 ],
			"to": [ 12, 29, 11 ],
			"rotation": { "origin": [ 8, 25, 7 ], "axis": "x", "angle": -22.5 },
			"faces": {
				"down": { "uv": [ 6, 0, 10, 4 ], "texture": "#0", "rotation": 180 },
				"up": { "uv": [ 6, 0, 10, 4 ], "texture": "#0", "rotation": 270 },
				"north": { "uv": [ 6, 0, 10, 4 ], "texture": "#0", "rotation": 270 },
				"south": { "uv": [ 6, 0, 10, 4 ], "texture": "#0" },
				"west": { "uv": [ 6, 0, 10, 4 ], "texture": "#0", "rotation": 90 },
				"east": { "uv": [ 6, 0, 10, 4 ], "texture": "#0", "rotation": 180 }
			}
		}
	]
}