{
	"Comment": "Designed by Wiiv with cubik Studio - https://cubik.studio",
	"parent": "emporium:block/block_front",
	"textures": {
		"texture": "emporium:blocks/appliance/computer/mac_structure_1980",
		"texture1": "emporium:blocks/appliance/computer/mac_screen",
		"texture2": "emporium:blocks/appliance/computer/mac_peripherals",
		"particle": "emporium:blocks/material/plastic_old"
		
	},
	"elements": [ 	 
		{
			"comment": "side_rf",
			"from": [ 12, 7, 10 ],
			"to": [ 14, 14, 12 ],
			"faces": {
				"down": { "uv": [ 14, 2, 15, 10 ], "texture": "#texture" },
				"up": { "uv": [ 14, 6, 15, 14 ], "texture": "#texture" },
				"north": { "uv": [ 11, 7, 12, 10.5 ], "texture": "#texture" },
				"south": { "uv": [ 5, 1, 6, 4.5 ], "texture": "#texture" },
				"west": { "uv": [ 11, 7, 12, 10.5 ], "texture": "#texture" },
				"east": { "uv": [ 11, 7, 12, 10.5 ], "texture": "#texture" }
			}
		},
		{
			"comment": "mouse",
			"from": [ 12, 0, 12 ],
			"to": [ 16, 2, 16 ],
			"faces": {
				"down": { "uv": [ 12, 6, 16, 10 ], "texture": "#texture2" },
				"up": { "uv": [ 12, 0, 16, 4 ], "texture": "#texture2" },
				"north": { "uv": [ 12, 4, 16, 6 ], "texture": "#texture2" },
				"south": { "uv": [ 12, 10, 16, 11.5 ], "texture": "#texture2" },
				"west": { "uv": [ 12, 10, 16, 12 ], "texture": "#texture2" },
				"east": { "uv": [ 12, 10, 16, 12 ], "texture": "#texture2" }
			}
		},
		{
			"comment": "screen",
			"from": [ 4, 7, 11 ],
			"to": [ 12, 14, 11.001 ],
			"faces": {
				"down": { "uv": [ 4, 4.999, 12, 5 ], "texture": "#texture1" },
				"up": { "uv": [ 4, 11, 12, 11.001 ], "texture": "#texture1" },
				"north": { "uv": [ 4, 2, 12, 9 ], "texture": "#texture1" },
				"south": { "uv": [ 4, 2, 12, 9 ], "texture": "#texture1" },
				"west": { "uv": [ 11, 2, 11.001, 9 ], "texture": "#texture1" },
				"east": { "uv": [ 4.999, 2, 5, 9 ], "texture": "#texture1" }
			}
		},
		{
			"comment": "cpu",
			"from": [ 2, 0, 0 ],
			"to": [ 14, 3, 10 ],
			"faces": {
				"down": { "uv": [ 6, 0, 12, 5 ], "texture": "#texture" },
				"up": { "uv": [ 6, 0, 12, 5 ], "texture": "#texture" },
				"north": { "uv": [ 0, 13, 6, 14.5 ], "texture": "#texture" },
				"south": { "uv": [ 0, 14.5, 6, 16 ], "texture": "#texture" },
				"west": { "uv": [ 6, 12.5, 11, 14 ], "texture": "#texture" },
				"east": { "uv": [ 6, 14, 11, 15.5 ], "texture": "#texture" }
			}
		},
		{
			"comment": "keyboard",
			"from": [ 0, 0, 12 ],
			"to": [ 10, 2, 16 ],
			"faces": {
				"down": { "uv": [ 0, 6, 10, 10 ], "texture": "#texture2" },
				"up": { "uv": [ 0, 0, 10, 4 ], "texture": "#texture2" },
				"north": { "uv": [ 0, 10, 10, 12 ], "texture": "#texture2" },
				"south": { "uv": [ 0, 4, 10, 6 ], "texture": "#texture2" },
				"west": { "uv": [ 12, 10, 16, 12 ], "texture": "#texture2" },
				"east": { "uv": [ 12, 10, 16, 12 ], "texture": "#texture2" }
			}
		},
		{
			"comment": "top",
			"from": [ 2, 14, 10 ],
			"to": [ 14, 16, 12 ],
			"faces": {
				"down": { "uv": [ 6, 5, 12, 6 ], "texture": "#texture" },
				"up": { "uv": [ 6, 5, 12, 6 ], "texture": "#texture" },
				"north": { "uv": [ 0, 0, 6, 1 ], "texture": "#texture" },
				"south": { "uv": [ 0, 0, 6, 1 ], "texture": "#texture" },
				"west": { "uv": [ 11, 6, 12, 7 ], "texture": "#texture" },
				"east": { "uv": [ 11, 6, 12, 7 ], "texture": "#texture" }
			}
		},
		{
			"comment": "side_lb",
			"from": [ 2, 3, 0 ],
			"to": [ 4, 14, 10 ],
			"faces": {
				"down": { "uv": [ 6, 0, 12, 5 ], "texture": "#texture" },
				"up": { "uv": [ 6, 0, 12, 5 ], "texture": "#texture" },
				"north": { "uv": [ 5, 7.5, 6, 13 ], "texture": "#texture" },
				"south": { "uv": [ 10, 7, 11, 12.5 ], "texture": "#texture" },
				"west": { "uv": [ 6, 7, 11, 12.5 ], "texture": "#texture" },
				"east": { "uv": [ 6, 7, 11, 12.5 ], "texture": "#texture" }
			}
		},
		{
			"comment": "top",
			"from": [ 2, 14, 0 ],
			"to": [ 14, 16, 10 ],
			"faces": {
				"down": { "uv": [ 6, 0, 12, 5 ], "texture": "#texture" },
				"up": { "uv": [ 6, 0, 12, 5 ], "texture": "#texture" },
				"north": { "uv": [ 6, 0, 12, 1 ], "texture": "#texture" },
				"south": { "uv": [ 4.5, 0, 7.5, 1 ], "texture": "#texture" },
				"west": { "uv": [ 6, 6, 11, 7 ], "texture": "#texture" },
				"east": { "uv": [ 6, 6, 11, 7 ], "texture": "#texture" }
			}
		},
		{
			"comment": "side_lf",
			"from": [ 2, 7, 10 ],
			"to": [ 4, 14, 12 ],
			"faces": {
				"down": { "uv": [ 14, 2, 15, 10 ], "texture": "#texture" },
				"up": { "uv": [ 14, 6, 15, 14 ], "texture": "#texture" },
				"north": { "uv": [ 11, 7, 12, 10.5 ], "texture": "#texture" },
				"south": { "uv": [ 0, 1, 1, 4.5 ], "texture": "#texture" },
				"west": { "uv": [ 11, 7, 12, 10.5 ], "texture": "#texture" },
				"east": { "uv": [ 11, 7, 12, 10.5 ], "texture": "#texture" }
			}
		},
		{
			"comment": "bottom_f",
			"from": [ 2, 3, 10 ],
			"to": [ 14, 7, 12 ],
			"faces": {
				"down": { "uv": [ 6, 5, 12, 6 ], "texture": "#texture" },
				"up": { "uv": [ 6, 5, 12, 6 ], "texture": "#texture" },
				"north": { "uv": [ 0, 12.5, 6, 14.5 ], "texture": "#texture" },
				"south": { "uv": [ 0, 4.5, 6, 6.5 ], "texture": "#texture" },
				"west": { "uv": [ 11, 10.5, 12, 12.5 ], "texture": "#texture" },
				"east": { "uv": [ 11, 10.5, 12, 12.5 ], "texture": "#texture" }
			}
		},
		{
			"comment": "back",
			"from": [ 4, 3, 0 ],
			"to": [ 12, 14, 2 ],
			"faces": {
				"down": { "uv": [ 6, 0, 12, 5 ], "texture": "#texture" },
				"up": { "uv": [ 6, 0, 12, 5 ], "texture": "#texture" },
				"north": { "uv": [ 1, 7.5, 5, 13 ], "texture": "#texture" },
				"south": { "uv": [ 1, 7.5, 5, 13 ], "texture": "#texture" },
				"west": { "uv": [ 6, 7, 11, 12.5 ], "texture": "#texture" },
				"east": { "uv": [ 6, 7, 11, 12.5 ], "texture": "#texture" }
			}
		},
		{
			"comment": "side_rb",
			"from": [ 12, 3, 0 ],
			"to": [ 14, 14, 10 ],
			"faces": {
				"down": { "uv": [ 6, 0, 12, 5 ], "texture": "#texture" },
				"up": { "uv": [ 6, 0, 12, 5 ], "texture": "#texture" },
				"north": { "uv": [ 0, 7.5, 1, 13 ], "texture": "#texture" },
				"south": { "uv": [ 9.5, 5.5, 14.5, 10 ], "texture": "#texture" },
				"west": { "uv": [ 6, 7, 11, 12.5 ], "texture": "#texture" },
				"east": { "uv": [ 6, 7, 11, 12.5 ], "texture": "#texture" }
			}
		}
	]
}