{
	"Comment": "Designed by Wiiv with Cubik Studio - https://cubik.studio",
	"parent": "emporium:block/block_front",
	"textures": {
		"texture": "emporium:blocks/appliance/computer/computer_structure_1980",
		"texture1": "emporium:blocks/appliance/computer/computer_screen",
		"texture2": "emporium:blocks/appliance/computer/computer_peripherals",
		"particle": "emporium:blocks/material/plastic_white_old"
	},
	"elements": [ 	 
		{
			"comment": "support",
			"from": [ 5, 4, 3 ],
			"to": [ 11, 6, 8 ],
			"faces": {
				"down": { "uv": [ 0, 0, 0, 0 ], "texture": "#texture" },
				"up": { "uv": [ 0, 0, 0, 1 ], "texture": "#texture" },
				"north": { "uv": [ 8.5, 9.5, 11.5, 10.5 ], "texture": "#texture" },
				"south": { "uv": [ 8.5, 9.5, 11.5, 10.5 ], "texture": "#texture" },
				"west": { "uv": [ 11.5, 9.5, 14, 10.5 ], "texture": "#texture" },
				"east": { "uv": [ 11.5, 9.5, 14, 10.5 ], "texture": "#texture" }
			}
		},
		{
			"comment": "side_r",
			"from": [ 12, 7, 6 ],
			"to": [ 14, 14, 11 ],
			"faces": {
				"down": { "uv": [ 14, 2, 15, 10 ], "texture": "#texture" },
				"up": { "uv": [ 14, 6, 15, 14 ], "texture": "#texture" },
				"north": { "uv": [ 2.5, 1, 3.5, 4.5 ], "texture": "#texture" },
				"south": { "uv": [ 7.5, 1, 8.5, 4.5 ], "texture": "#texture" },
				"west": { "uv": [ 0, 1, 2.5, 5 ], "texture": "#texture" },
				"east": { "uv": [ 0, 1, 2.5, 5 ], "texture": "#texture" }
			}
		},
		{
			"comment": "side_l",
			"from": [ 2, 7, 6 ],
			"to": [ 4, 14, 11 ],
			"faces": {
				"down": { "uv": [ 1, 2, 1, 3 ], "texture": "#texture" },
				"up": { "uv": [ 1, 6, 1, 7 ], "texture": "#texture" },
				"north": { "uv": [ 2.5, 1, 3.5, 4.5 ], "texture": "#texture" },
				"south": { "uv": [ 2.5, 1, 3.5, 4.5 ], "texture": "#texture" },
				"west": { "uv": [ 0, 1, 2.5, 5 ], "texture": "#texture" },
				"east": { "uv": [ 0, 1, 2.5, 5 ], "texture": "#texture" }
			}
		},
		{
			"comment": "mouse",
			"from": [ 13, 0, 12 ],
			"to": [ 16, 2, 16 ],
			"faces": {
				"down": { "uv": [ 12, 6, 15, 10 ], "texture": "#texture2" },
				"up": { "uv": [ 12, 0, 15, 4 ], "texture": "#texture2" },
				"north": { "uv": [ 12, 4, 15, 6 ], "texture": "#texture2" },
				"south": { "uv": [ 12, 10, 15, 12 ], "texture": "#texture2" },
				"west": { "uv": [ 0, 10, 4, 12 ], "texture": "#texture2" },
				"east": { "uv": [ 0, 10, 4, 12 ], "texture": "#texture2" }
			}
		},
		{
			"comment": "screen",
			"from": [ 4, 7, 10 ],
			"to": [ 12, 14, 10.001 ],
			"faces": {
				"down": { "uv": [ 4, 5.999, 12, 6 ], "texture": "#texture1" },
				"up": { "uv": [ 4, 10, 12, 10.001 ], "texture": "#texture1" },
				"north": { "uv": [ 4, 2, 12, 9 ], "texture": "#texture1" },
				"south": { "uv": [ 4, 2, 12, 9 ], "texture": "#texture1" },
				"west": { "uv": [ 10, 2, 10.001, 9 ], "texture": "#texture1" },
				"east": { "uv": [ 5.999, 2, 6, 9 ], "texture": "#texture1" }
			}
		},
		{
			"comment": "back",
			"from": [ 2, 5, 0 ],
			"to": [ 14, 14, 6 ],
			"faces": {
				"down": { "uv": [ 8.5, 2.5, 14.5, 5.5 ], "texture": "#texture" },
				"up": { "uv": [ 8.5, 2.5, 14.5, 5.5 ], "texture": "#texture" },
				"north": { "uv": [ 0, 11.5, 6, 16 ], "texture": "#texture" },
				"south": { "uv": [ 9.5, 5.5, 14.5, 10 ], "texture": "#texture" },
				"west": { "uv": [ 0, 6, 3, 10.5 ], "texture": "#texture" },
				"east": { "uv": [ 0, 6, 3, 10.5 ], "texture": "#texture" }
			}
		},
		{
			"comment": "bottom",
			"from": [ 2, 5, 6 ],
			"to": [ 14, 7, 11 ],
			"faces": {
				"down": { "uv": [ 8.5, 0, 14.5, 2.5 ], "texture": "#texture" },
				"up": { "uv": [ 8.5, 0, 14.5, 2.5 ], "texture": "#texture" },
				"north": { "uv": [ 2.5, 4.5, 8.5, 5.5 ], "texture": "#texture" },
				"south": { "uv": [ 2.5, 4.5, 8.5, 5.5 ], "texture": "#texture" },
				"west": { "uv": [ 0, 5, 2.5, 6 ], "texture": "#texture" },
				"east": { "uv": [ 0, 5, 2.5, 6 ], "texture": "#texture" }
			}
		},
		{
			"comment": "cpu",
			"from": [ 0, 0, 0 ],
			"to": [ 16, 4, 11 ],
			"faces": {
				"down": { "uv": [ 6, 11.5, 14, 16 ], "texture": "#texture" },
				"up": { "uv": [ 6, 11.5, 14, 16 ], "texture": "#texture" },
				"north": { "uv": [ 3, 7.5, 11, 9.5 ], "texture": "#texture" },
				"south": { "uv": [ 3, 5.5, 11, 7.5 ], "texture": "#texture" },
				"west": { "uv": [ 3, 9.5, 8.5, 11.5 ], "texture": "#texture" },
				"east": { "uv": [ 3, 9.5, 8.5, 11.5 ], "texture": "#texture" }
			}
		},
		{
			"comment": "keyboard",
			"from": [ 0, 0, 12 ],
			"to": [ 12, 2, 16 ],
			"faces": {
				"down": { "uv": [ 0, 6, 12, 10 ], "texture": "#texture2" },
				"up": { "uv": [ 0, 0, 12, 4 ], "texture": "#texture2" },
				"north": { "uv": [ 0, 10, 12, 12 ], "texture": "#texture2" },
				"south": { "uv": [ 0, 4, 12, 6 ], "texture": "#texture2" },
				"west": { "uv": [ 0, 10, 4, 12 ], "texture": "#texture2" },
				"east": { "uv": [ 0, 10, 4, 12 ], "texture": "#texture2" }
			}
		},
		{
			"comment": "top",
			"from": [ 2, 14, 6 ],
			"to": [ 14, 16, 11 ],
			"faces": {
				"down": { "uv": [ 8.5, 0, 14.5, 2.5 ], "texture": "#texture" },
				"up": { "uv": [ 8.5, 0, 14.5, 2.5 ], "texture": "#texture" },
				"north": { "uv": [ 8.5, 10.5, 14.5, 11.5 ], "texture": "#texture" },
				"south": { "uv": [ 2.5, 0, 8.5, 1 ], "texture": "#texture" },
				"west": { "uv": [ 0, 0, 2.5, 1 ], "texture": "#texture" },
				"east": { "uv": [ 0, 0, 2.5, 1 ], "texture": "#texture" }
			}
		}
	]
}