{
	"__comment": "Designed by Wiiv with Cubik Studio - https://cubik.studio",
	"parent": "emporium:block/block_front",
	"textures": {
		"texture": "emporium:blocks/appliance/microwave/appliance_microwave_grey",
		"particle": "emporium:blocks/appliance/microwave/appliance_microwave_sprite"
	},
	"elements": [ 	 
		{
			"__comment": "door",
			"from": [ 0, 1, 10 ],
			"to": [ 12, 11, 12 ],
			"faces": {
				"down": { "uv": [ 10, 15, 16, 16 ], "texture": "#texture" },
				"up": { "uv": [ 10, 15, 16, 16 ], "texture": "#texture" },
				"north": { "uv": [ 10, 5, 16, 10 ], "texture": "#texture" },
				"south": { "uv": [ 10, 5, 16, 10 ], "texture": "#texture" },
				"west": { "uv": [ 9, 5, 10, 10 ], "texture": "#texture" },
				"east": { "uv": [ 11, 10, 12, 15 ], "texture": "#texture" }
			}
		},
		{
			"__comment": "handle",
			"from": [ 11, 3, 12 ],
			"to": [ 12, 9, 13 ],
			"faces": {
				"down": { "uv": [ 12, 12.5, 12.5, 13 ], "texture": "#texture" },
				"up": { "uv": [ 12, 10, 12.5, 10.5 ], "texture": "#texture" },
				"north": { "uv": [ 12, 10, 12.5, 13 ], "texture": "#texture" },
				"south": { "uv": [ 12, 10, 12.5, 13 ], "texture": "#texture" },
				"west": { "uv": [ 12, 10, 12.5, 13 ], "texture": "#texture" },
				"east": { "uv": [ 12, 10, 12.5, 13 ], "texture": "#texture" }
			}
		}
	]
}