{
	"Comment": "Designed by Wiiv with Cubik Studio - https://cubik.studio",
	"parent": "emporium:block/block_front",
	"textures": {
		"texture": "emporium:blocks/appliance/oven/cooktop_1_off",
		"texture1": "emporium:blocks/appliance/oven/cooktop_1",
		"particle": "emporium:blocks/appliance/oven/cooktop_1_off"
	},
	"elements": [ 	 
		{
			"__comment": "bottom",
			"from": [ 0, 0, 0 ],
			"to": [ 16, 1, 16 ],
			"faces": {
				"down": { "uv": [ 0, 8, 8, 0 ], "texture": "#texture" },
				"up": { "uv": [ 0, 0, 8, 8 ], "texture": "#texture" },
				"north": { "uv": [ 8, 0, 0, 0.5 ], "texture": "#texture" },
				"south": { "uv": [ 0, 7.5, 8, 8 ], "texture": "#texture" },
				"west": { "uv": [ 0, 8, 0.5, 0 ], "texture": "#texture", "rotation": 90 },
				"east": { "uv": [ 7.5, 0, 8, 8 ], "texture": "#texture", "rotation": 90 }
			}
		},
		{
			"__comment": "controller",
			"from": [ 16, 0, 0 ],
			"to": [ 20, 2, 16 ],
			"faces": {
				"down": { "uv": [ 14, 0, 16, 8 ], "texture": "#texture" },
				"up": { "uv": [ 8, 0, 10, 8 ], "texture": "#texture" },
				"north": { "uv": [ 8, 8, 10, 9 ], "texture": "#texture" },
				"south": { "uv": [ 8, 8, 10, 9 ], "texture": "#texture" },
				"west": { "uv": [ 0, 8, 8, 9 ], "texture": "#texture" },
				"east": { "uv": [ 0, 8, 8, 9 ], "texture": "#texture" }
			}
		},
		{
			"__comment": "button_1",
			"from": [ 17, 2, 1 ],
			"to": [ 19, 3, 3 ],
			"faces": {
				"down": { "uv": [ 14, 1, 15, 2 ], "texture": "#texture" },
				"up": { "uv": [ 10, 0, 11, 1 ], "texture": "#texture" },
				"north": { "uv": [ 11, 0, 10, 0.5 ], "texture": "#texture" },
				"south": { "uv": [ 10, 0.5, 11, 1 ], "texture": "#texture" },
				"west": { "uv": [ 10, 0, 11, 0.5 ], "texture": "#texture" },
				"east": { "uv": [ 11, 0.5, 10, 1 ], "texture": "#texture" }
			}
		},
		{
			"__comment": "burner_1",
			"from": [ 2.5, 1, 2.5 ],
			"to": [ 5.5, 2, 5.5 ],
			"faces": {
				"down": { "uv": [ 2.5, 10.5, 5.5, 13.5 ], "texture": "#texture" },
				"up": { "uv": [ 12, 1, 13.5, 2.5 ], "texture": "#texture" },
				"north": { "uv": [ 12, 2.5, 13.5, 3 ], "texture": "#texture" },
				"south": { "uv": [ 12, 2.5, 13.5, 3 ], "texture": "#texture" },
				"west": { "uv": [ 12, 2.5, 13.5, 3 ], "texture": "#texture" },
				"east": { "uv": [ 12, 2.5, 13.5, 3 ], "texture": "#texture" }
			}
		},
		{
			"__comment": "button_2",
			"from": [ 17, 2, 5 ],
			"to": [ 19, 3, 7 ],
			"faces": {
				"down": { "uv": [ 14, 1, 15, 2 ], "texture": "#texture" },
				"up": { "uv": [ 10, 0, 11, 1 ], "texture": "#texture" },
				"north": { "uv": [ 11, 0, 10, 0.5 ], "texture": "#texture" },
				"south": { "uv": [ 10, 0.5, 11, 1 ], "texture": "#texture" },
				"west": { "uv": [ 10, 0, 11, 0.5 ], "texture": "#texture" },
				"east": { "uv": [ 11, 0.5, 10, 1 ], "texture": "#texture" }
			}
		},
		{
			"__comment": "burner_2",
			"from": [ 11, 1, 3 ],
			"to": [ 13, 2, 5 ],
			"faces": {
				"down": { "uv": [ 11, 11, 13, 13 ], "texture": "#texture" },
				"up": { "uv": [ 12.5, 3, 13.5, 4 ], "texture": "#texture" },
				"north": { "uv": [ 12.5, 4, 13.5, 4.5 ], "texture": "#texture" },
				"south": { "uv": [ 12.5, 4, 13.5, 4.5 ], "texture": "#texture" },
				"west": { "uv": [ 12.5, 4, 13.5, 4.5 ], "texture": "#texture" },
				"east": { "uv": [ 12.5, 4, 13.5, 4.5 ], "texture": "#texture" }
			}
		},
		{
			"__comment": "button_3",
			"from": [ 17, 2, 9 ],
			"to": [ 19, 3, 11 ],
			"faces": {
				"down": { "uv": [ 14, 1, 15, 2 ], "texture": "#texture" },
				"up": { "uv": [ 10, 0, 11, 1 ], "texture": "#texture" },
				"north": { "uv": [ 11, 0, 10, 0.5 ], "texture": "#texture" },
				"south": { "uv": [ 10, 0.5, 11, 1 ], "texture": "#texture" },
				"west": { "uv": [ 10, 0, 11, 0.5 ], "texture": "#texture" },
				"east": { "uv": [ 11, 0.5, 10, 1 ], "texture": "#texture" }
			}
		},
		{
			"__comment": "burner_3",
			"from": [ 2, 1, 10 ],
			"to": [ 6, 2, 14 ],
			"faces": {
				"down": { "uv": [ 2.5, 10.5, 5.5, 13.5 ], "texture": "#texture" },
				"up": { "uv": [ 10, 1, 12, 3 ], "texture": "#texture" },
				"north": { "uv": [ 10, 3, 12, 3.5 ], "texture": "#texture" },
				"south": { "uv": [ 10, 3, 12, 3.5 ], "texture": "#texture" },
				"west": { "uv": [ 10, 3, 12, 3.5 ], "texture": "#texture" },
				"east": { "uv": [ 10, 3, 12, 3.5 ], "texture": "#texture" }
			}
		},
		{
			"__comment": "button4",
			"from": [ 17, 2, 13 ],
			"to": [ 19, 3, 15 ],
			"faces": {
				"down": { "uv": [ 14, 1, 15, 2 ], "texture": "#texture" },
				"up": { "uv": [ 10, 0, 11, 1 ], "texture": "#texture" },
				"north": { "uv": [ 11, 0, 10, 0.5 ], "texture": "#texture" },
				"south": { "uv": [ 10, 0.5, 11, 1 ], "texture": "#texture" },
				"west": { "uv": [ 10, 0, 11, 0.5 ], "texture": "#texture" },
				"east": { "uv": [ 11, 0.5, 10, 1 ], "texture": "#texture" }
			}
		},
		{
			"__comment": "burner_4",
			"from": [ 10.5, 1, 10.5 ],
			"to": [ 13.5, 2, 13.5 ],
			"faces": {
				"down": { "uv": [ 2.5, 10.5, 5.5, 13.5 ], "texture": "#texture" },
				"up": { "uv": [ 12, 1, 13.5, 2.5 ], "texture": "#texture" },
				"north": { "uv": [ 12, 2.5, 13.5, 3 ], "texture": "#texture" },
				"south": { "uv": [ 12, 2.5, 13.5, 3 ], "texture": "#texture" },
				"west": { "uv": [ 12, 2.5, 13.5, 3 ], "texture": "#texture" },
				"east": { "uv": [ 12, 2.5, 13.5, 3 ], "texture": "#texture" }
			}
		}
	]
}