{
	"__comment": "Designed by Wiiv with Cubik Studio - https://cubik.studio",
	"parent": "emporium:block/block_front",
	"textures": {
		"texture": "emporium:blocks/appliance/microwave/appliance_microwave_grey",
		"particle": "emporium:blocks/appliance/microwave/appliance_microwave_sprite"
	},
	"elements": [
		{
			"__comment": "top",
			"from": [ 0, 10, 0 ],
			"to": [ 12, 11, 10 ],
			"faces": {
				"down": { "uv": [ 0, 5, 6, 10 ], "texture": "#texture" },
				"up": { "uv": [ 0, 0, 6, 5 ], "texture": "#texture" },
				"north": { "uv": [ 0, 5, 6, 5.5 ], "texture": "#texture" },
				"south": { "uv": [ 0, 5, 6, 5.5 ], "texture": "#texture" },
				"west": { "uv": [ 0, 0, 6, 0.5 ], "texture": "#texture" },
				"east": { "uv": [ 0, 0, 6, 0.5 ], "texture": "#texture" }
			}
		},
		{
			"__comment": "bottom",
			"from": [ 0, 1, 0 ],
			"to": [ 12, 2, 10 ],
			"faces": {
				"down": { "uv": [ 0, 0, 6, 5 ], "texture": "#texture" },
				"up": { "uv": [ 0, 5, 6, 10 ], "texture": "#texture" },
				"north": { "uv": [ 0, 9.5, 6, 10 ], "texture": "#texture" },
				"south": { "uv": [ 0, 9.5, 6, 10 ], "texture": "#texture" },
				"west": { "uv": [ 0, 4.5, 6, 5 ], "texture": "#texture" },
				"east": { "uv": [ 0, 4.5, 6, 5 ], "texture": "#texture" }
			}
		},
		{
			"__comment": "side_left",
			"from": [ 0, 2, 0 ],
			"to": [ 1, 10, 10 ],
			"faces": {
				"down": { "uv": [ 0, 6, 1, 16 ], "texture": "#texture" },
				"up": { "uv": [ 0, 0, 1, 10 ], "texture": "#texture" },
				"north": { "uv": [ 5.5, 0.5, 6, 4.5 ], "texture": "#texture" },
				"south": { "uv": [ 0, 0.5, 0.5, 4.5 ], "texture": "#texture" },
				"west": { "uv": [ 6, 0.5, 11, 4.5 ], "texture": "#texture" },
				"east": { "uv": [ 11, 0.5, 16, 4.5 ], "texture": "#texture" }
			}
		},
		{
			"__comment": "side_right",
			"from": [ 11, 2, 0 ],
			"to": [ 12, 10, 10 ],
			"faces": {
				"down": { "uv": [ 11.5, 0, 12.5, 9 ], "texture": "#texture" },
				"up": { "uv": [ 11, 1, 12, 10 ], "texture": "#texture" },
				"north": { "uv": [ 0, 0.5, 0.5, 4.5 ], "texture": "#texture" },
				"south": { "uv": [ 5.5, 0.5, 6, 4.5 ], "texture": "#texture" },
				"west": { "uv": [ 11, 0.5, 16, 4.5 ], "texture": "#texture" },
				"east": { "uv": [ 6, 7, 15, 15 ], "texture": "#texture" }
			}
		},
		{
			"__comment": "back",
			"from": [ 1, 2, 0 ],
			"to": [ 11, 10, 1 ],
			"faces": {
				"down": { "uv": [ 1, 15, 12, 16 ], "texture": "#texture" },
				"up": { "uv": [ 1, 0, 12, 1 ], "texture": "#texture" },
				"north": { "uv": [ 0.5, 0.5, 5.5, 4.5 ], "texture": "#texture" },
				"south": { "uv": [ 0.5, 5.5, 5.5, 9.5 ], "texture": "#texture" },
				"west": { "uv": [ 0, 7, 1, 15 ], "texture": "#texture" },
				"east": { "uv": [ 15, 7, 16, 15 ], "texture": "#texture" }
			}
		},
		{
			"__comment": "plate",
			"from": [ 3, 2, 2 ],
			"to": [ 9, 4, 8 ],
			"faces": {
				"down": { "uv": [ 6, 5, 9, 8 ], "texture": "#texture" },
				"up": { "uv": [ 6, 5, 9, 8 ], "texture": "#texture" },
				"north": { "uv": [ 6, 8, 9, 9 ], "texture": "#texture" },
				"south": { "uv": [ 6, 8, 9, 9 ], "texture": "#texture" },
				"west": { "uv": [ 6, 8, 9, 9 ], "texture": "#texture" },
				"east": { "uv": [ 6, 8, 9, 9 ], "texture": "#texture" }
			}
		},
		{
			"__comment": "controller_front",
			"from": [ 12, 1, 10 ],
			"to": [ 16, 11, 12 ],
			"faces": {
				"down": { "uv": [ 0, 10, 2, 11 ], "texture": "#texture" },
				"up": { "uv": [ 0, 10, 2, 11 ], "texture": "#texture" },
				"north": { "uv": [ 8, 11, 10, 16 ], "texture": "#texture" },
				"south": { "uv": [ 0, 11, 2, 16 ], "texture": "#texture" },
				"west": { "uv": [ 2, 11, 3, 16 ], "texture": "#texture" },
				"east": { "uv": [ 2, 11, 3, 16 ], "texture": "#texture" }
			}
		},
		{
			"__comment": "controller_back",
			"from": [ 12, 1, 0 ],
			"to": [ 16, 11, 10 ],
			"faces": {
				"down": { "uv": [ 8, 11, 10, 16 ], "texture": "#texture" },
				"up": { "uv": [ 8, 11, 10, 16 ], "texture": "#texture" },
				"north": { "uv": [ 8, 11, 10, 16 ], "texture": "#texture" },
				"south": { "uv": [ 8, 11, 10, 16 ], "texture": "#texture" },
				"west": { "uv": [ 3, 11, 7.5, 16 ], "texture": "#texture" },
				"east": { "uv": [ 3, 11, 8, 16 ], "texture": "#texture" }
			}
		},
		{
			"__comment": "foot_rb",
			"from": [ 13, 0, 1 ],
			"to": [ 15, 1, 3 ],
			"faces": {
				"down": { "uv": [ 2, 10, 3, 11 ], "texture": "#texture" },
				"up": { "uv": [ 2, 10, 3, 11 ], "texture": "#texture" },
				"north": { "uv": [ 2, 10.5, 3, 11 ], "texture": "#texture" },
				"south": { "uv": [ 2, 10.5, 3, 11 ], "texture": "#texture" },
				"west": { "uv": [ 2, 10.5, 3, 11 ], "texture": "#texture" },
				"east": { "uv": [ 2, 10.5, 3, 11 ], "texture": "#texture" }
			}
		},
		{
			"__comment": "foot_lb",
			"from": [ 1, 0, 1 ],
			"to": [ 3, 1, 3 ],
			"faces": {
				"down": { "uv": [ 2, 10, 3, 11 ], "texture": "#texture" },
				"up": { "uv": [ 2, 10, 3, 11 ], "texture": "#texture" },
				"north": { "uv": [ 2, 10.5, 3, 11 ], "texture": "#texture" },
				"south": { "uv": [ 2, 10.5, 3, 11 ], "texture": "#texture" },
				"west": { "uv": [ 2, 10.5, 3, 11 ], "texture": "#texture" },
				"east": { "uv": [ 2, 10.5, 3, 11 ], "texture": "#texture" }
			}
		},
		{
			"__comment": "foot_lf",
			"from": [ 1, 0, 7 ],
			"to": [ 3, 1, 9 ],
			"faces": {
				"down": { "uv": [ 2, 10, 3, 11 ], "texture": "#texture" },
				"up": { "uv": [ 2, 10, 3, 11 ], "texture": "#texture" },
				"north": { "uv": [ 2, 10.5, 3, 11 ], "texture": "#texture" },
				"south": { "uv": [ 2, 10.5, 3, 11 ], "texture": "#texture" },
				"west": { "uv": [ 2, 10.5, 3, 11 ], "texture": "#texture" },
				"east": { "uv": [ 2, 10.5, 3, 11 ], "texture": "#texture" }
			}
		},
		{
			"__comment": "foot_rf",
			"from": [ 13, 0, 7 ],
			"to": [ 15, 1, 9 ],
			"faces": {
				"down": { "uv": [ 2, 10, 3, 11 ], "texture": "#texture" },
				"up": { "uv": [ 2, 10, 3, 11 ], "texture": "#texture" },
				"north": { "uv": [ 2, 10.5, 3, 11 ], "texture": "#texture" },
				"south": { "uv": [ 2, 10.5, 3, 11 ], "texture": "#texture" },
				"west": { "uv": [ 2, 10.5, 3, 11 ], "texture": "#texture" },
				"east": { "uv": [ 2, 10.5, 3, 11 ], "texture": "#texture" }
			}
		}
	]
}