{
	"Comment": "Designed by Wiiv with Cubik Studio - https://cubik.studio",
	"parent": "emporium:block/block_front",
	"textures": {
		"texture": "emporium:blocks/appliance/oven/cooktop_0_off",
		"texture1": "emporium:blocks/appliance/oven/cooktop_0",
		"particle": "emporium:blocks/appliance/oven/cooktop_0_off"
	},
	"elements": [ 	 
		{
			"from": [ 1, 0, 1 ],
			"to": [ 15, 1, 13 ],
			"faces": {
				"down": { "uv": [ 1, 3, 15, 15 ], "texture": "#texture1" },
				"up": { "uv": [ 1, 1, 15, 13 ], "texture": "#texture" },
				"north": { "uv": [ 1, 14, 15, 15 ], "texture": "#texture" },
				"south": { "uv": [ 1, 14, 15, 15 ], "texture": "#texture" },
				"west": { "uv": [ 1, 14, 13, 15 ], "texture": "#texture" },
				"east": { "uv": [ 3, 14, 15, 15 ], "texture": "#texture" }
			}
		}
	]
}