{
	"Comment": "Designed by Wiiv with Cubik Studio - https://cubik.studio",
	"parent": "emporium:block/block_front",
	"textures": {
		"texture": "emporium:blocks/appliance/fireplace/stone_clear_structure",
		"texture1": "emporium:blocks/appliance/fireplace/log_oak",
		"texture2": "emporium:blocks/material/metal_dark",
		"particle": "emporium:blocks/material/stone_clear"
	},
	"elements": [ 	 
		{
			"comment": "base",
			"from": [ 2, 0, 4 ],
			"to": [ 14, 2, 16 ],
			"faces": {
				"down": { "uv": [ 10, 0, 16, 6 ], "texture": "#texture" },
				"up": { "uv": [ 10, 0, 16, 6 ], "texture": "#texture" },
				"north": { "uv": [ 10, 7, 16, 8 ], "texture": "#texture" },
				"south": { "uv": [ 10, 6, 16, 7 ], "texture": "#texture" },
				"west": { "uv": [ 4, 14, 16, 16 ], "texture": "#texture" },
				"east": { "uv": [ 0, 14, 12, 16 ], "texture": "#texture" }
			}
		},
		{
			"comment": "back",
			"from": [ 2, 0, 0 ],
			"to": [ 14, 16, 4 ],
			"faces": {
				"down": { "uv": [ 10, 6, 16, 8 ], "texture": "#texture" },
				"up": { "uv": [ 10, 6, 16, 8 ], "texture": "#texture" },
				"north": { "uv": [ 10, 0, 16, 8 ], "texture": "#texture" },
				"south": { "uv": [ 10, 0, 16, 8 ], "texture": "#texture" },
				"west": { "uv": [ 0, 0, 4, 16 ], "texture": "#texture" },
				"east": { "uv": [ 12, 0, 16, 16 ], "texture": "#texture" }
			}
		},
		{
			"comment": "vent",
			"from": [ 2, 16, 6 ],
			"to": [ 14, 16.001, 16 ],
			"faces": {
				"down": { "uv": [ 2, 0, 14, 10 ], "texture": "#texture2" },
				"up": { "uv": [ 2, 6, 14, 16 ], "texture": "#texture2" },
				"north": { "uv": [ 2, 15.999, 14, 16 ], "texture": "#texture2" },
				"south": { "uv": [ 2, 15.999, 14, 16 ], "texture": "#texture2" },
				"west": { "uv": [ 6, 15.999, 16, 16 ], "texture": "#texture2" },
				"east": { "uv": [ 0, 15.999, 10, 16 ], "texture": "#texture2" }
			}
		},
		{
			"comment": "top",
			"from": [ -4, 16, 16 ],
			"to": [ 20, 18, 20 ],
			"faces": {
				"down": { "uv": [ 0, 8, 12, 10 ], "texture": "#texture" },
				"up": { "uv": [ 0, 8, 13, 10 ], "texture": "#texture" },
				"north": { "uv": [ 0, 10, 12, 11 ], "texture": "#texture" },
				"south": { "uv": [ 0, 10, 12, 11 ], "texture": "#texture" },
				"west": { "uv": [ 0, 10, 2, 11 ], "texture": "#texture" },
				"east": { "uv": [ 0, 10, 2, 11 ], "texture": "#texture" }
			}
		},
		{
			"comment": "side_l",
			"from": [ 0, 0, 0 ],
			"to": [ 2, 16, 16 ],
			"faces": {
				"down": { "uv": [ 0, 0, 2, 16 ], "texture": "#texture" },
				"up": { "uv": [ 6, 0, 7, 8 ], "texture": "#texture" },
				"north": { "uv": [ 7, 0, 8, 8 ], "texture": "#texture" },
				"south": { "uv": [ 6, 0, 7, 8 ], "texture": "#texture" },
				"west": { "uv": [ 8, 0, 16, 8 ], "texture": "#texture" },
				"east": { "uv": [ 0, 0, 8, 8 ], "texture": "#texture" }
			}
		},
		{
			"comment": "pillar_l",
			"from": [ -2, 0, 16 ],
			"to": [ 2, 16, 18 ],
			"faces": {
				"down": { "uv": [ 0, 14, 2, 16 ], "texture": "#texture" },
				"up": { "uv": [ 0, 0, 2, 2 ], "texture": "#texture" },
				"north": { "uv": [ 8, 0, 10, 8 ], "texture": "#texture" },
				"south": { "uv": [ 8, 0, 10, 8 ], "texture": "#texture" },
				"west": { "uv": [ 8, 0, 9, 8 ], "texture": "#texture" },
				"east": { "uv": [ 9, 0, 10, 8 ], "texture": "#texture" }
			}
		},
		{
			"comment": "side_r",
			"from": [ 14, 0, 0 ],
			"to": [ 16, 16, 16 ],
			"faces": {
				"down": { "uv": [ 0, 0, 2, 16 ], "texture": "#texture" },
				"up": { "uv": [ 6, 0, 7, 8 ], "texture": "#texture" },
				"north": { "uv": [ 7, 0, 8, 8 ], "texture": "#texture" },
				"south": { "uv": [ 6, 0, 7, 8 ], "texture": "#texture" },
				"west": { "uv": [ 8, 0, 16, 8 ], "texture": "#texture" },
				"east": { "uv": [ 0, 0, 8, 8 ], "texture": "#texture" }
			}
		},
		{
			"comment": "pillar_r",
			"from": [ 14, 0, 16 ],
			"to": [ 18, 16, 18 ],
			"faces": {
				"down": { "uv": [ 0, 14, 2, 16 ], "texture": "#texture" },
				"up": { "uv": [ 0, 0, 2, 2 ], "texture": "#texture" },
				"north": { "uv": [ 6, 0, 8, 8 ], "texture": "#texture" },
				"south": { "uv": [ 6, 0, 8, 8 ], "texture": "#texture" },
				"west": { "uv": [ 8, 0, 9, 8 ], "texture": "#texture" },
				"east": { "uv": [ 8, 0, 9, 8 ], "texture": "#texture" }
			}
		},
		{
			"comment": "tog_t",
			"from": [ 3, 6, 7.5 ],
			"to": [ 7, 10, 17.5 ],
			"rotation": { "origin": [ 3, 6, 7.5 ], "axis": "y", "angle": 45 },
			"faces": {
				"down": { "uv": [ 4, 6, 14, 10 ], "texture": "#texture1", "rotation": 90 },
				"up": { "uv": [ 4, 6, 15, 10 ], "texture": "#texture1", "rotation": 90 },
				"north": { "uv": [ 0, 6, 4, 10 ], "texture": "#texture1" },
				"south": { "uv": [ 0, 6, 4, 10 ], "texture": "#texture1" },
				"west": { "uv": [ 4, 6, 14, 10 ], "texture": "#texture1" },
				"east": { "uv": [ 4, 6, 14, 10 ], "texture": "#texture1" }
			}
		},
		{
			"comment": "log_b",
			"from": [ 8, 2, 4.5 ],
			"to": [ 12, 6, 14.5 ],
			"rotation": { "origin": [ 8, 2, 4.5 ], "axis": "y", "angle": -22.5 },
			"faces": {
				"down": { "uv": [ 4, 6, 14, 10 ], "texture": "#texture1", "rotation": 90 },
				"up": { "uv": [ 4, 6, 15, 10 ], "texture": "#texture1", "rotation": 90 },
				"north": { "uv": [ 0, 6, 4, 10 ], "texture": "#texture1" },
				"south": { "uv": [ 0, 6, 4, 10 ], "texture": "#texture1" },
				"west": { "uv": [ 4, 6, 14, 10 ], "texture": "#texture1" },
				"east": { "uv": [ 4, 6, 14, 10 ], "texture": "#texture1" }
			}
		}
	]
}