{
	"__comment": "Designed by Wiiv with Cubik Studio - https://cubik.studio",
	"parent": "emporium:block/block_front",
	"textures": {
		"texture": "emporium:blocks/storage/barrel_wood_modern",
		"particle": "emporium:blocks/storage/barrel_wood_modern_sprite"
	},
	"elements": [
		{
			"__comment": "top",
			"from": [ 3, 14, 3 ],
			"to": [ 13, 15, 13 ],
			"faces": {
				"down": { "uv": [ 6.5, 0.5, 11.5, 5.5 ], "texture": "#texture", "rotation": 90 },
				"up": { "uv": [ 6.5, 0.5, 11.5, 5.5 ], "texture": "#texture", "rotation": 90 },
				"north": { "uv": [ 6.5, 0.5, 11.5, 1 ], "texture": "#texture" },
				"south": { "uv": [ 6.5, 0.5, 11.5, 1 ], "texture": "#texture" },
				"west": { "uv": [ 6.5, 0.5, 11.5, 1 ], "texture": "#texture" },
				"east": { "uv": [ 6.5, 0.5, 11.5, 1 ], "texture": "#texture" }
			}
		},
		{
			"__comment": "bottom",
			"from": [ 3, 1, 3 ],
			"to": [ 13, 2, 13 ],
			"faces": {
				"down": { "uv": [ 6.5, 0.5, 11.5, 5.5 ], "texture": "#texture" },
				"up": { "uv": [ 6.5, 0.5, 11.5, 5.5 ], "texture": "#texture" },
				"north": { "uv": [ 6.5, 0.5, 11.5, 1 ], "texture": "#texture" },
				"south": { "uv": [ 6.5, 0.5, 11.5, 1 ], "texture": "#texture" },
				"west": { "uv": [ 6.5, 0, 11.5, 0.5 ], "texture": "#texture" },
				"east": { "uv": [ 6.5, 0, 11.5, 0.5 ], "texture": "#texture" }
			}
		},
		{
			"__comment": "side_l",
			"from": [ 2, 0, 3 ],
			"to": [ 3, 16, 14 ],
			"faces": {
				"down": { "uv": [ 6, 0, 6.5, 5.5 ], "texture": "#texture" },
				"up": { "uv": [ 6, 0.5, 6.5, 6 ], "texture": "#texture" },
				"north": { "uv": [ 0, 0, 0.5, 8 ], "texture": "#texture" },
				"south": { "uv": [ 0, 0, 0.5, 8 ], "texture": "#texture" },
				"west": { "uv": [ 0.5, 0, 6, 8 ], "texture": "#texture" },
				"east": { "uv": [ 0, 8, 5.5, 16 ], "texture": "#texture" }
			}
		},
		{
			"__comment": "side_r",
			"from": [ 13, 0, 2 ],
			"to": [ 14, 16, 13 ],
			"faces": {
				"down": { "uv": [ 6, 0.5, 6.5, 6 ], "texture": "#texture" },
				"up": { "uv": [ 6, 0, 6.5, 5.5 ], "texture": "#texture" },
				"north": { "uv": [ 0, 0, 0.5, 8 ], "texture": "#texture" },
				"south": { "uv": [ 0, 0, 0.5, 8 ], "texture": "#texture" },
				"west": { "uv": [ 0, 8, 5.5, 16 ], "texture": "#texture" },
				"east": { "uv": [ 0.5, 0, 6, 8 ], "texture": "#texture" }
			}
		},
		{
			"__comment": "back",
			"from": [ 2, 0, 2 ],
			"to": [ 13, 16, 3 ],
			"faces": {
				"down": { "uv": [ 6, 5.5, 11.5, 6 ], "texture": "#texture" },
				"up": { "uv": [ 6, 5.5, 11.5, 6 ], "texture": "#texture" },
				"north": { "uv": [ 0.5, 0, 6, 8 ], "texture": "#texture" },
				"south": { "uv": [ 0, 8, 5.5, 16 ], "texture": "#texture" },
				"west": { "uv": [ 0, 0, 0.5, 8 ], "texture": "#texture" },
				"east": { "uv": [ 0, 0, 0.5, 8 ], "texture": "#texture" }
			}
		},
		{
			"__comment": "front",
			"from": [ 3, 0, 13 ],
			"to": [ 14, 16, 14 ],
			"faces": {
				"down": { "uv": [ 6.5, 5.5, 12, 6 ], "texture": "#texture" },
				"up": { "uv": [ 6.5, 5.5, 12, 6 ], "texture": "#texture" },
				"north": { "uv": [ 0, 8, 5.5, 16 ], "texture": "#texture" },
				"south": { "uv": [ 0.5, 0, 6, 8 ], "texture": "#texture" },
				"west": { "uv": [ 0, 0, 0.5, 8 ], "texture": "#texture" },
				"east": { "uv": [ 0, 0, 0.5, 8 ], "texture": "#texture" }
			}
		},
		{
			"__comment": "handle",
			"from": [ 7, 15, 5 ],
			"to": [ 9, 16, 11 ],
			"faces": {
				"down": { "uv": [ 12, 0, 13, 2 ], "texture": "#texture" },
				"up": { "uv": [ 12, 0, 13, 3 ], "texture": "#texture" },
				"north": { "uv": [ 12, 2.5, 13, 3 ], "texture": "#texture" },
				"south": { "uv": [ 12, 0, 13, 0.5 ], "texture": "#texture" },
				"west": { "uv": [ 12.5, 0, 13, 3 ], "texture": "#texture", "rotation": 90 },
				"east": { "uv": [ 12, 0, 12.5, 3 ], "texture": "#texture", "rotation": 90 }
			}
		}
	]
}