{
	"Comment": "Designed by Wiiv with Cubik Studio - https://cubik.studio",
	"parent": "emporium:block/block_front",
	"textures": {
		"particle": "emporium:blocks/material/ceramic_white",
		"texture": "emporium:blocks/appliance/bathroom/bidet",
		"faucet": "emporium:blocks/appliance/faucet0"
	},
	"elements": [
		{
			"comment": "base",
			"from": [ 4, 0, 0 ],
			"to": [ 12, 6, 14 ],
			"faces": {
				"down": { "uv": [ 0, 8, 4, 15 ], "texture": "#texture" },
				"up": { "uv": [ 4, 8, 8, 15 ], "texture": "#texture" },
				"north": { "uv": [ 10, 8, 14, 11 ], "texture": "#texture" },
				"south": { "uv": [ 10, 0, 14, 3 ], "texture": "#texture" },
				"west": { "uv": [ 9, 13, 16, 16 ], "texture": "#texture" },
				"east": { "uv": [ 8, 5, 15, 8 ], "texture": "#texture" }
			}
		},
		{
			"comment": "back",
			"from": [ 2, 6, 0 ],
			"to": [ 14, 10, 4 ],
			"faces": {
				"down": { "uv": [ 1, 0, 7, 2 ], "texture": "#texture" },
				"up": { "uv": [ 1, 0, 7, 2 ], "texture": "#texture" },
				"north": { "uv": [ 1, 0, 7, 2 ], "texture": "#texture" },
				"south": { "uv": [ 1, 0, 7, 2 ], "texture": "#texture" },
				"west": { "uv": [ 14, 11, 16, 13 ], "texture": "#texture" },
				"east": { "uv": [ 8, 3, 10, 5 ], "texture": "#texture" }
			}
		},
		{
			"comment": "side_left",
			"from": [ 2, 6, 4 ],
			"to": [ 4, 10, 14 ],
			"faces": {
				"down": { "uv": [ 6, 2, 7, 7 ], "texture": "#texture" },
				"up": { "uv": [ 6, 2, 7, 7 ], "texture": "#texture" },
				"north": { "uv": [ 7, 5.5, 9, 12 ], "texture": "#texture" },
				"south": { "uv": [ 0, 2, 2, 16 ], "texture": "#texture" },
				"west": { "uv": [ 10, 3, 15, 5 ], "texture": "#texture" },
				"east": { "uv": [ 10, 3, 15, 5 ], "texture": "#texture" }
			}
		},
		{
			"comment": "side_right",
			"from": [ 12, 6, 4 ],
			"to": [ 14, 10, 14 ],
			"faces": {
				"down": { "uv": [ 1, 2, 2, 7 ], "texture": "#texture" },
				"up": { "uv": [ 1, 2, 2, 7 ], "texture": "#texture" },
				"north": { "uv": [ 0, 0, 0.5, 0 ], "texture": "#texture" },
				"south": { "uv": [ 0, 0, 0, 15.5 ], "texture": "#texture" },
				"west": { "uv": [ 10, 3, 15, 5 ], "texture": "#texture" },
				"east": { "uv": [ 9, 11, 14, 13 ], "texture": "#texture" }
			}
		},
		{
			"comment": "front",
			"from": [ 2, 6, 14 ],
			"to": [ 14, 10, 16 ],
			"faces": {
				"down": { "uv": [ 1, 7, 7, 8 ], "texture": "#texture" },
				"up": { "uv": [ 1, 7, 7, 8 ], "texture": "#texture" },
				"north": { "uv": [ 1, 0, 7, 2 ], "texture": "#texture" },
				"south": { "uv": [ 1, 0, 7, 2 ], "texture": "#texture" },
				"west": { "uv": [ 8, 11, 9, 13 ], "texture": "#texture" },
				"east": { "uv": [ 15, 3, 16, 5 ], "texture": "#texture" }
			}
		},
		
		{
			"comment": "handle_cold",
			"from": [ 4, 10, 1 ],
			"to": [ 6, 13, 3 ],
			"faces": {
				"down": { "uv": [ 0, 0, 2, 2 ], "texture": "#faucet" },
				"up": { "uv": [ 0, 0, 2, 2 ], "texture": "#faucet" },
				"north": { "uv": [ 0, 0, 2, 3 ], "texture": "#faucet" },
				"south": { "uv": [ 0, 0, 2, 3 ], "texture": "#faucet" },
				"west": { "uv": [ 0, 0, 2, 3 ], "texture": "#faucet" },
				"east": { "uv": [ 0, 0, 2, 3 ], "texture": "#faucet" }
			}
		},
		{
			"comment": "handle_hot",
			"from": [ 10, 10, 1 ],
			"to": [ 12, 13, 3 ],
			"faces": {
				"down": { "uv": [ 0, 0, 2, 2 ], "texture": "#faucet" },
				"up": { "uv": [ 0, 0, 2, 2 ], "texture": "#faucet" },
				"north": { "uv": [ 0, 3, 2, 6 ], "texture": "#faucet" },
				"south": { "uv": [ 0, 3, 2, 6 ], "texture": "#faucet" },
				"west": { "uv": [ 0, 3, 2, 6 ], "texture": "#faucet" },
				"east": { "uv": [ 0, 3, 2, 6 ], "texture": "#faucet" }
			}
		},
		{
			"comment": "faucet",
			"from": [ 7, 10, 1 ],
			"to": [ 9, 14, 3 ],
			"faces": {
				"down": { "uv": [ 0, 0, 2, 2 ], "texture": "#faucet" },
				"up": { "uv": [ 0, 0, 2, 2 ], "texture": "#faucet" },
				"north": { "uv": [ 4, 0, 6, 4 ], "texture": "#faucet" },
				"south": { "uv": [ 4, 0, 6, 4 ], "texture": "#faucet" },
				"west": { "uv": [ 4, 0, 6, 4 ], "texture": "#faucet" },
				"east": { "uv": [ 4, 0, 6, 4 ], "texture": "#faucet" }
			}
		},
		{
			"comment": "faucet_spout",
			"from": [ 7, 11, 3 ],
			"to": [ 9, 12, 7 ],
			"rotation": { "origin": [ 9, 11, 3 ], "axis": "x", "angle": -22.5 },
			"faces": {
				"down": { "uv": [ 8, 4, 6, 0 ], "texture": "#faucet", "rotation": 180 },
				"up": { "uv": [ 4, 0, 2, 4 ], "texture": "#faucet", "rotation": 180 },
				"north": { "uv": [ 0, 0, 2, 1 ], "texture": "#faucet" },
				"south": { "uv": [ 2, 0, 4, 1 ], "texture": "#faucet" },
				"west": { "uv": [ 3, 0, 4, 4 ], "texture": "#faucet", "rotation": 90 },
				"east": { "uv": [ 2, 4, 3, 0 ], "texture": "#faucet", "rotation": 90 }
			}
		}
	]
}