{
	"Comment": "Designed by Wiiv with Cubik Studio - https://cubik.studio",
	"parent": "block/block",
	"display": {
		"gui": {
			"rotation":  [ 30, 45, 0 ],
			"translation":  [ 0, -2, 0 ],
			"scale":  [ 0.45, 0.45, 0.45 ]
		}
	},
	"textures": {
		"particle": "emporium:blocks/material/ceramic_white",
		"texture": "emporium:blocks/appliance/bathroom/toilet0",
		"texture1": "emporium:blocks/appliance/bathroom/toilet1"
	},
	"elements": [
		{
			"comment": "base",
			"from": [ 4, 0, 0 ],
			"to": [ 12, 6, 14 ],
			"faces": {
				"down": { "uv": [ 0, 8, 4, 15 ], "texture": "#texture" },
				"up": { "uv": [ 4, 8, 8, 15 ], "texture": "#texture" },
				"north": { "uv": [ 8, 0, 12, 3 ], "texture": "#texture" },
				"south": { "uv": [ 8, 0, 12, 3 ], "texture": "#texture" },
				"west": { "uv": [ 8, 3, 15, 6 ], "texture": "#texture" },
				"east": { "uv": [ 8, 3, 15, 6 ], "texture": "#texture" }
			}
		},
		{
			"comment": "back",
			"from": [ 2, 6, 4 ],
			"to": [ 14, 10, 6 ],
			"faces": {
				"down": { "uv": [ 1, 3, 7, 4 ], "texture": "#texture" },
				"up": { "uv": [ 1, 3, 7, 4 ], "texture": "#texture" },
				"north": { "uv": [ 1, 4, 7, 6 ], "texture": "#texture" },
				"south": { "uv": [ 1, 4, 7, 6 ], "texture": "#texture" },
				"west": { "uv": [ 0, 4, 1, 6 ], "texture": "#texture" },
				"east": { "uv": [ 0, 4, 1, 6 ], "texture": "#texture" }
			}
		},
		{
			"comment": "side_right",
			"from": [ 12, 6, 6 ],
			"to": [ 14, 10, 14 ],
			"faces": {
				"down": { "uv": [ 0, 0, 1, 4 ], "texture": "#texture" },
				"up": { "uv": [ 0, 0, 1, 4 ], "texture": "#texture" },
				"north": { "uv": [ 0, 0, 0.5, 0 ], "texture": "#texture" },
				"south": { "uv": [ 0, 0, 0, 15.5 ], "texture": "#texture" },
				"west": { "uv": [ 2, 4, 6, 6 ], "texture": "#texture" },
				"east": { "uv": [ 2, 6, 6, 8 ], "texture": "#texture" }
			}
		},
		{
			"comment": "side_left",
			"from": [ 2, 6, 6 ],
			"to": [ 4, 10, 14 ],
			"faces": {
				"down": { "uv": [ 0, 0, 1, 4 ], "texture": "#texture" },
				"up": { "uv": [ 0, 0, 1, 4 ], "texture": "#texture" },
				"north": { "uv": [ 0, 0, 0.5, 0 ], "texture": "#texture" },
				"south": { "uv": [ 0, 0, 0, 15.5 ], "texture": "#texture" },
				"west": { "uv": [ 2, 6, 6, 8 ], "texture": "#texture" },
				"east": { "uv": [ 2, 4, 6, 6 ], "texture": "#texture" }
			}
		},
		{
			"comment": "front",
			"from": [ 2, 6, 14 ],
			"to": [ 14, 10, 16 ],
			"faces": {
				"down": { "uv": [ 1, 3, 7, 4 ], "texture": "#texture" },
				"up": { "uv": [ 1, 3, 7, 4 ], "texture": "#texture" },
				"north": { "uv": [ 1, 4, 7, 6 ], "texture": "#texture" },
				"south": { "uv": [ 1, 4, 7, 6 ], "texture": "#texture" },
				"west": { "uv": [ 0, 4, 1, 6 ], "texture": "#texture" },
				"east": { "uv": [ 0, 4, 1, 6 ], "texture": "#texture" }
			}
		},
		{
			"comment": "discharge",
			"from": [ 2, 6, 0 ],
			"to": [ 14, 10, 4 ],
			"faces": {
				"down": { "uv": [ 1, 0, 7, 2 ], "texture": "#texture" },
				"up": { "uv": [ 1, 0, 7, 2 ], "texture": "#texture" },
				"north": { "uv": [ 1, 0, 7, 2 ], "texture": "#texture" },
				"south": { "uv": [ 1, 0, 7, 2 ], "texture": "#texture" },
				"west": { "uv": [ 0, 6, 2, 8 ], "texture": "#texture" },
				"east": { "uv": [ 0, 6, 2, 8 ], "texture": "#texture" }
			}
		},
		{
			"comment": "tube",
			"from": [ 7, 10, 1 ],
			"to": [ 9, 14, 3 ],
			"faces": {
				"down": { "uv": [ 6, 0, 7, 1 ], "texture": "#texture1" },
				"up": { "uv": [ 6, 0, 7, 1 ], "texture": "#texture1" },
				"north": { "uv": [ 7, 0, 8, 2 ], "texture": "#texture1" },
				"south": { "uv": [ 7, 0, 8, 2 ], "texture": "#texture1" },
				"west": { "uv": [ 7, 0, 8, 2 ], "texture": "#texture1" },
				"east": { "uv": [ 7, 0, 8, 2 ], "texture": "#texture1" }
			}
		},
		{
			"comment": "deposit",
			"from": [ 2, 14, 0 ],
			"to": [ 14, 22, 4 ],
			"faces": {
				"down": { "uv": [ 0, 7, 6, 9 ], "texture": "#texture1" },
				"up": { "uv": [ 0, 7, 6, 9 ], "texture": "#texture1" },
				"north": { "uv": [ 8, 3, 14, 7 ], "texture": "#texture1" },
				"south": { "uv": [ 0, 3, 6, 7 ], "texture": "#texture1" },
				"west": { "uv": [ 6, 3, 8, 7 ], "texture": "#texture1" },
				"east": { "uv": [ 6, 3, 8, 7 ], "texture": "#texture1" }
			}
		},
		{
			"comment": "deposit_lid",
			"from": [ 2, 22, 0 ],
			"to": [ 14, 24, 4 ],
			"faces": {
				"down": { "uv": [ 0, 7, 6, 9 ], "texture": "#texture1" },
				"up": { "uv": [ 0, 0, 6, 2 ], "texture": "#texture1" },
				"north": { "uv": [ 8, 2, 14, 3 ], "texture": "#texture1" },
				"south": { "uv": [ 0, 2, 6, 3 ], "texture": "#texture1" },
				"west": { "uv": [ 6, 2, 8, 3 ], "texture": "#texture1" },
				"east": { "uv": [ 6, 2, 8, 3 ], "texture": "#texture1" }
			}
		},
		{
			"comment": "button",
			"from": [ 11, 24, 1 ],
			"to": [ 13, 25, 3 ],
			"faces": {
				"down": { "uv": [ 6, 0, 7, 1 ], "texture": "#texture1" },
				"up": { "uv": [ 6, 0, 7, 1 ], "texture": "#texture1" },
				"north": { "uv": [ 7, 0, 8, 0.5 ], "texture": "#texture1" },
				"south": { "uv": [ 7, 0, 8, 0.5 ], "texture": "#texture1" },
				"west": { "uv": [ 7, 0, 8, 0.5 ], "texture": "#texture1" },
				"east": { "uv": [ 7, 0, 8, 0.5 ], "texture": "#texture1" }
			}
		},
		{
			"comment": "hinge_left",
			"from": [ 4, 10, 3 ],
			"to": [ 6, 11, 5 ],
			"faces": {
				"down": { "uv": [ 6, 0, 7, 1 ], "texture": "#texture1" },
				"up": { "uv": [ 6, 0, 7, 1 ], "texture": "#texture1" },
				"north": { "uv": [ 7, 0, 8, 0.5 ], "texture": "#texture1" },
				"south": { "uv": [ 7, 0, 8, 0.5 ], "texture": "#texture1" },
				"west": { "uv": [ 7, 0, 8, 0.5 ], "texture": "#texture1" },
				"east": { "uv": [ 7, 0, 8, 0.5 ], "texture": "#texture1" }
			}
		},
		{
			"comment": "hinge_right",
			"from": [ 10, 10, 3 ],
			"to": [ 12, 11, 5 ],
			"faces": {
				"down": { "uv": [ 6, 0, 7, 1 ], "texture": "#texture1" },
				"up": { "uv": [ 6, 0, 7, 1 ], "texture": "#texture1" },
				"north": { "uv": [ 7, 0, 8, 0.5 ], "texture": "#texture1" },
				"south": { "uv": [ 7, 0, 8, 0.5 ], "texture": "#texture1" },
				"west": { "uv": [ 7, 0, 8, 0.5 ], "texture": "#texture1" },
				"east": { "uv": [ 7, 0, 8, 0.5 ], "texture": "#texture1" }
			}
		},
		{
			"comment": "lid",
			"from": [ 2.9999, 9.9998, 5 ],
			"to": [ 12.9999, 10.9998, 15 ],
			"faces": {
				"down": { "uv": [ 5, 7, 10, 12 ], "texture": "#texture1" },
				"up": { "uv": [ 0, 7, 5, 12 ], "texture": "#texture1", "rotation": 90 },
				"north": { "uv": [ 0, 7, 5, 7.5 ], "texture": "#texture1" },
				"south": { "uv": [ 0, 11.5, 5, 12 ], "texture": "#texture1" },
				"west": { "uv": [ 5, 11.5, 0, 12 ], "texture": "#texture1" },
				"east": { "uv": [ 5, 7, 0, 7.5 ], "texture": "#texture1" }
			}
		},
		{
			"comment": "water",
			"from": [ 4, 8, 6 ],
			"to": [ 12, 8.001, 14 ],
			"faces": {
				"down": { "uv": [ 10, 7, 14, 11 ], "texture": "#texture1" },
				"up": { "uv": [ 10, 7, 14, 11 ], "texture": "#texture1" },
				"north": { "uv": [ 1, 15, 2, 16 ], "texture": "#texture" },
				"south": { "uv": [ 14, 15, 15, 16 ], "texture": "#texture" },
				"west": { "uv": [ 14, 15, 15, 16 ], "texture": "#texture" },
				"east": { "uv": [ 1, 15, 2, 16 ], "texture": "#texture" }
			}
		}
	]
}