{
	"Comment": "Designed by Wiiv with Cubik Studio - https://cubik.studio",
	"parent": "emporium:block/block_front",
	"display": {
		"gui": {
			"rotation":  [ 30, 45, 0 ],
			"translation":  [ -2.5, 1, 0 ],
			"scale":  [ 0.45, 0.45, 0.45 ]
		}
	},
	"textures": {
		"particle": "emporium:blocks/material/ceramic_white",
		"texture": "emporium:blocks/appliance/bathroom/bathtub0",
		"texture1": "emporium:blocks/appliance/bathroom/bathtub1",
		"faucet": "emporium:blocks/appliance/faucet0"
	},
	"elements": [
		{
			"comment": "base",
			"from": [ 2, 0, 4 ],
			"to": [ 14, 4, 30 ],
			"faces": {
				"down": { "uv": [ 9, 15, 15, 2 ], "texture": "#texture1" },
				"up": { "uv": [ 1, 2, 7, 15 ], "texture": "#texture1" },
				"north": { "uv": [ 2, 12, 14, 16 ], "texture": "#texture" },
				"south": { "uv": [ 2, 12, 14, 16 ], "texture": "#texture" },
				"west": { "uv": [ 0, 12, 12, 16 ], "texture": "#texture" },
				"east": { "uv": [ 4, 12, 16, 16 ], "texture": "#texture" }
			}
		},
		{
			"comment": "back",
			"from": [ 0, 0, 0 ],
			"to": [ 16, 14, 4 ],
			"faces": {
				"down": { "uv": [ 0, 0, 8, 2 ], "texture": "#texture1" },
				"up": { "uv": [ 0, 0, 8, 2 ], "texture": "#texture1" },
				"north": { "uv": [ 0, 9, 8, 16 ], "texture": "#texture" },
				"south": { "uv": [ 0, 9, 8, 16 ], "texture": "#texture" },
				"west": { "uv": [ 0, 1, 2, 8 ], "texture": "#texture" },
				"east": { "uv": [ 0, 1, 2, 8 ], "texture": "#texture" }
			}
		},
		{
			"comment": "side_left",
			"from": [ 0, 0, 4 ],
			"to": [ 2, 12, 30 ],
			"faces": {
				"down": { "uv": [ 0, 2, 1, 15 ], "texture": "#texture1" },
				"up": { "uv": [ 0, 2, 1, 15 ], "texture": "#texture1" },
				"north": { "uv": [ 14, 2, 16, 16 ], "texture": "#texture" },
				"south": { "uv": [ 0, 2, 2, 16 ], "texture": "#texture" },
				"west": { "uv": [ 2, 2, 15, 8 ], "texture": "#texture" },
				"east": { "uv": [ 2, 2, 15, 8 ], "texture": "#texture" }
			}
		},
		{
			"comment": "side_right",
			"from": [ 14, 0, 4 ],
			"to": [ 16, 12, 30 ],
			"faces": {
				"down": { "uv": [ 0, 2, 1, 15 ], "texture": "#texture1" },
				"up": { "uv": [ 0, 2, 1, 15 ], "texture": "#texture1" },
				"north": { "uv": [ 14, 2, 16, 16 ], "texture": "#texture" },
				"south": { "uv": [ 0, 2, 2, 16 ], "texture": "#texture" },
				"west": { "uv": [ 2, 2, 15, 8 ], "texture": "#texture" },
				"east": { "uv": [ 2, 2, 15, 8 ], "texture": "#texture" }
			}
		},
		{
			"comment": "front",
			"from": [ 0, 0, 30 ],
			"to": [ 16, 12, 32 ],
			"faces": {
				"down": { "uv": [ 0, 15, 8, 16 ], "texture": "#texture1" },
				"up": { "uv": [ 0, 15, 8, 16 ], "texture": "#texture1" },
				"north": { "uv": [ 0, 10, 8, 16 ], "texture": "#texture" },
				"south": { "uv": [ 0, 10, 8, 16 ], "texture": "#texture" },
				"west": { "uv": [ 15, 2, 16, 8 ], "texture": "#texture" },
				"east": { "uv": [ 15, 2, 16, 8 ], "texture": "#texture" }
			}
		},
		{
			"comment": "side_left_top",
			"from": [ 0, 12, 4 ],
			"to": [ 2, 14, 30 ],
			"faces": {
				"down": { "uv": [ 0, 2, 1, 15 ], "texture": "#texture1" },
				"up": { "uv": [ 0, 2, 1, 15 ], "texture": "#texture1" },
				"north": { "uv": [ 14, 2, 16, 16 ], "texture": "#texture" },
				"south": { "uv": [ 0, 2, 2, 16 ], "texture": "#texture" },
				"west": { "uv": [ 2, 1, 15, 2 ], "texture": "#texture" },
				"east": { "uv": [ 2, 1, 15, 2 ], "texture": "#texture" }
			}
		},
		{
			"comment": "side_right_top",
			"from": [ 14, 12, 4 ],
			"to": [ 16, 14, 30 ],
			"faces": {
				"down": { "uv": [ 0, 2, 1, 15 ], "texture": "#texture1" },
				"up": { "uv": [ 0, 2, 1, 15 ], "texture": "#texture1" },
				"north": { "uv": [ 14, 2, 16, 16 ], "texture": "#texture" },
				"south": { "uv": [ 0, 2, 2, 16 ], "texture": "#texture" },
				"west": { "uv": [ 2, 1, 15, 2 ], "texture": "#texture" },
				"east": { "uv": [ 2, 1, 15, 2 ], "texture": "#texture" }
			}
		},
		{
			"comment": "front_top",
			"from": [ 0, 12, 30 ],
			"to": [ 16, 14, 32 ],
			"faces": {
				"down": { "uv": [ 0, 15, 8, 16 ], "texture": "#texture1" },
				"up": { "uv": [ 0, 15, 8, 16 ], "texture": "#texture1" },
				"north": { "uv": [ 0, 15, 8, 16 ], "texture": "#texture1" },
				"south": { "uv": [ 0, 15, 8, 16 ], "texture": "#texture1" },
				"west": { "uv": [ 2, 1, 3, 2 ], "texture": "#texture" },
				"east": { "uv": [ 15, 1, 16, 2 ], "texture": "#texture" }
			}
		},
		{
			"comment": "handle_cold",
			"from": [ 4, 14, 1 ],
			"to": [ 6, 17, 3 ],
			"faces": {
				"down": { "uv": [ 0, 0, 2, 2 ], "texture": "#faucet" },
				"up": { "uv": [ 0, 0, 2, 2 ], "texture": "#faucet" },
				"north": { "uv": [ 0, 0, 2, 3 ], "texture": "#faucet" },
				"south": { "uv": [ 0, 0, 2, 3 ], "texture": "#faucet" },
				"west": { "uv": [ 0, 0, 2, 3 ], "texture": "#faucet" },
				"east": { "uv": [ 0, 0, 2, 3 ], "texture": "#faucet" }
			}
		},
		{
			"comment": "handle_hot",
			"from": [ 10, 14, 1 ],
			"to": [ 12, 17, 3 ],
			"faces": {
				"down": { "uv": [ 0, 0, 2, 2 ], "texture": "#faucet" },
				"up": { "uv": [ 0, 0, 2, 2 ], "texture": "#faucet" },
				"north": { "uv": [ 0, 3, 2, 6 ], "texture": "#faucet" },
				"south": { "uv": [ 0, 3, 2, 6 ], "texture": "#faucet" },
				"west": { "uv": [ 0, 3, 2, 6 ], "texture": "#faucet" },
				"east": { "uv": [ 0, 3, 2, 6 ], "texture": "#faucet" }
			}
		},
		{
			"comment": "faucet",
			"from": [ 7, 14, 1 ],
			"to": [ 9, 18, 3 ],
			"faces": {
				"down": { "uv": [ 0, 0, 2, 2 ], "texture": "#faucet" },
				"up": { "uv": [ 0, 0, 2, 2 ], "texture": "#faucet" },
				"north": { "uv": [ 4, 0, 6, 4 ], "texture": "#faucet" },
				"south": { "uv": [ 4, 0, 6, 4 ], "texture": "#faucet" },
				"west": { "uv": [ 4, 0, 6, 4 ], "texture": "#faucet" },
				"east": { "uv": [ 4, 0, 6, 4 ], "texture": "#faucet" }
			}
		},
		{
			"comment": "faucet_spout",
			"from": [ 7, 15, 3 ],
			"to": [ 9, 16, 7 ],
			"rotation": { "origin": [ 7, 15, 3 ], "axis": "x", "angle": -22.5 },
			"faces": {
				"down": { "uv": [ 6, 0, 8, 4 ], "texture": "#faucet" },
				"up": { "uv": [ 2, 4, 4, 0 ], "texture": "#faucet" },
				"north": { "uv": [ 4, 0, 6, 4 ], "texture": "#faucet" },
				"south": { "uv": [ 2, 0, 4, 1 ], "texture": "#faucet" },
				"west": { "uv": [ 2, 0, 3, 4 ], "texture": "#faucet", "rotation": 90 },
				"east": { "uv": [ 3, 4, 4, 0 ], "texture": "#faucet", "rotation": 90 }
			}
		}
	]
}