{
	"Comment": "Designed by Wiiv with Cubik Studio - https://cubik.studio",
	"parent": "block/block",
	"display": {
		"gui": {
			"rotation":  [ 30, 45, 0 ],
			"translation":  [ 0, -3.5, 0 ],
			"scale":  [ 0.35, 0.35, 0.35 ]
		}
	},
	"textures": {
		"particle": "emporium:blocks/material/ceramic_white",
		"texture": "emporium:blocks/appliance/bathroom/shower",
		"faucet": "emporium:blocks/appliance/faucet1"
	},
	"elements": [
		{
			"comment": "base",
			"from": [ 2, 0, 2 ],
			"to": [ 14, 2, 14 ],
			"faces": {
				"down": { "uv": [ 1, 1, 7, 7 ], "texture": "#texture" },
				"up": { "uv": [ 1, 1, 7, 7 ], "texture": "#texture" },
				"north": { "uv": [ 2, 15, 14, 16 ], "texture": "#texture" },
				"south": { "uv": [ 2, 15, 14, 16 ], "texture": "#texture" },
				"west": { "uv": [ 2, 15, 14, 16 ], "texture": "#texture" },
				"east": { "uv": [ 2, 15, 14, 16 ], "texture": "#texture" }
			}
		},
		{
			"comment": "back",
			"from": [ 0, 0, 14 ],
			"to": [ 16, 6, 16 ],
			"faces": {
				"down": { "uv": [ 0, 0, 8, 1 ], "texture": "#texture" },
				"up": { "uv": [ 0, 0, 8, 1 ], "texture": "#texture" },
				"north": { "uv": [ 8, 3, 16, 6 ], "texture": "#texture" },
				"south": { "uv": [ 8, 3, 16, 6 ], "texture": "#texture" },
				"west": { "uv": [ 14, 0, 15, 3 ], "texture": "#texture" },
				"east": { "uv": [ 14, 0, 15, 3 ], "texture": "#texture" }
			}
		},
		{
			"comment": "side_left",
			"from": [ 0, 0, 2 ],
			"to": [ 2, 6, 14 ],
			"faces": {
				"down": { "uv": [ 0, 1, 1, 7 ], "texture": "#texture" },
				"up": { "uv": [ 0, 1, 1, 7 ], "texture": "#texture" },
				"north": { "uv": [ 14, 0, 15, 3 ], "texture": "#texture" },
				"south": { "uv": [ 14, 0, 15, 3 ], "texture": "#texture" },
				"west": { "uv": [ 8, 0, 14, 3 ], "texture": "#texture" },
				"east": { "uv": [ 9, 3, 15, 6 ], "texture": "#texture" }
			}
		},
		{
			"comment": "side_right",
			"from": [ 14, 0, 2 ],
			"to": [ 16, 6, 14 ],
			"faces": {
				"down": { "uv": [ 0, 1, 1, 7 ], "texture": "#texture" },
				"up": { "uv": [ 0, 1, 1, 7 ], "texture": "#texture" },
				"north": { "uv": [ 14, 0, 15, 3 ], "texture": "#texture" },
				"south": { "uv": [ 14, 0, 15, 3 ], "texture": "#texture" },
				"west": { "uv": [ 9, 3, 15, 6 ], "texture": "#texture" },
				"east": { "uv": [ 8, 0, 14, 3 ], "texture": "#texture" }
			}
		},
		{
			"comment": "front",
			"from": [ 0, 0, 0 ],
			"to": [ 16, 6, 2 ],
			"faces": {
				"down": { "uv": [ 0, 0, 8, 1 ], "texture": "#texture" },
				"up": { "uv": [ 0, 0, 8, 1 ], "texture": "#texture" },
				"north": { "uv": [ 8, 3, 16, 6 ], "texture": "#texture" },
				"south": { "uv": [ 8, 3, 16, 6 ], "texture": "#texture" },
				"west": { "uv": [ 14, 0, 15, 3 ], "texture": "#texture" },
				"east": { "uv": [ 14, 0, 15, 3 ], "texture": "#texture" }
			}
		},
		{
			"comment": "handle_cold",
			"from": [ 4, 23, 0 ],
			"to": [ 6, 25, 3 ],
			"faces": {
				"down": { "uv": [ 2, 11, 0, 8 ], "texture": "#faucet" },
				"up": { "uv": [ 0, 8, 2, 11 ], "texture": "#faucet" },
				"north": { "uv": [ 3, 8, 5, 10 ], "texture": "#faucet" },
				"south": { "uv": [ 3, 8, 5, 10 ], "texture": "#faucet" },
				"west": { "uv": [ 0, 6, 3, 8 ], "texture": "#faucet" },
				"east": { "uv": [ 0, 11, 3, 13 ], "texture": "#faucet" }
			}
		},
		{
			"comment": "handle_hot",
			"from": [ 10, 23, 0 ],
			"to": [ 12, 25, 3 ],
			"faces": {
				"down": { "uv": [ 7, 11, 5, 8 ], "texture": "#faucet" },
				"up": { "uv": [ 5, 8, 7, 11 ], "texture": "#faucet" },
				"north": { "uv": [ 3, 8, 5, 10 ], "texture": "#faucet" },
				"south": { "uv": [ 3, 8, 5, 10 ], "texture": "#faucet" },
				"west": { "uv": [ 5, 6, 8, 8 ], "texture": "#faucet" },
				"east": { "uv": [ 5, 11, 8, 13 ], "texture": "#faucet" }
			}
		}
	]
}