{
    "Comment": "Designed by Wiiv with Cubik Studio - https://cubik.studio",
    "parent": "block/block",
    "textures": {
        "textureT": "emporium:blocks/material/stone_clear",
        "particle": "emporium:blocks/material/stone_clear"
    },
    "elements": [
        {
            "Name": "Top",
            "from": [ 0, 1, 2 ],
            "to": [ 16, 10, 14 ],
            "faces": {
                "down": { "uv": [ 0, 2, 16, 14 ], "texture": "#textureT" },
                "up": { "uv": [ 0, 2, 16, 14 ], "texture": "#textureT" },
                "north": { "uv": [ 0, 6, 16, 15 ], "texture": "#textureT" },
                "south": { "uv": [ 0, 6, 16, 15 ], "texture": "#textureT" },
                "west": { "uv": [ 2, 6, 14, 15 ], "texture": "#textureT" },
                "east": { "uv": [ 2, 6, 14, 15 ], "texture": "#textureT" }
            }
        }
    ]
}