{
    "Comment": "Designed by Wiiv with Cubik Studio - https://cubik.studio",
    "parent": "block/block",
    "textures": {
        "textureT": "emporium:blocks/material/stone_clear",
        "particle": "emporium:blocks/material/stone_clear"
    },
    "elements": [
        {
            "Name": "Top",
            "from": [ 0, 6, 3 ],
            "to": [ 16, 8, 13 ],
            "faces": {
                "down": { "uv": [ 0, 3, 16, 13 ], "texture": "#textureT" },
                "up": { "uv": [ 0, 3, 16, 13 ], "texture": "#textureT" },
                "north": { "uv": [ 0, 8, 16, 10 ], "texture": "#textureT" },
                "south": { "uv": [ 0, 8, 16, 10 ], "texture": "#textureT" },
                "west": { "uv": [ 3, 8, 13, 10 ], "texture": "#textureT" },
                "east": { "uv": [ 3, 8, 13, 10 ], "texture": "#textureT" }
            }
        }
    ]
}