{
	"__comment": "Designed by Wiiv with Cubik Studio - https://cubik.studio",
	"parent": "emporium:block/block_front",
	"textures": {
		"texture": "emporium:blocks/material/wood_modern",
		"texture1": "emporium:blocks/storage/cabinet_wood_modern_doors_drawers",
		"particle": "emporium:blocks/material/wood_modern"
	},
	"elements": [
		{
			"__comment": "drawer_bt",
			"from": [ 1, 2, 2 ],
			"to": [ 15, 13, 3 ],
			"faces": {
				"down": { "uv": [ 1, 13, 15, 14 ], "texture": "#texture" },
				"up": { "uv": [ 1, 2, 15, 3 ], "texture": "#texture" },
				"north": { "uv": [ 1, 3, 15, 14 ], "texture": "#texture" },
				"south": { "uv": [ 1, 3, 15, 14 ], "texture": "#texture" },
				"west": { "uv": [ 2, 3, 3, 14 ], "texture": "#texture" },
				"east": { "uv": [ 13, 3, 14, 14 ], "texture": "#texture" }
			}
		},
		{
			"__comment": "drawer_l",
			"from": [ 1, 2, 3 ],
			"to": [ 2, 13, 13 ],
			"faces": {
				"down": { "uv": [ 1, 3, 2, 13 ], "texture": "#texture" },
				"up": { "uv": [ 1, 3, 2, 13 ], "texture": "#texture" },
				"north": { "uv": [ 14, 3, 15, 14 ], "texture": "#texture" },
				"south": { "uv": [ 1, 3, 2, 14 ], "texture": "#texture" },
				"west": { "uv": [ 3, 3, 13, 14 ], "texture": "#texture" },
				"east": { "uv": [ 3, 3, 13, 14 ], "texture": "#texture" }
			}
		},
		{
			"__comment": "drawer_r",
			"from": [ 14, 2, 3 ],
			"to": [ 15, 13, 13 ],
			"faces": {
				"down": { "uv": [ 14, 3, 15, 13 ], "texture": "#texture" },
				"up": { "uv": [ 14, 3, 15, 13 ], "texture": "#texture" },
				"north": { "uv": [ 1, 3, 2, 14 ], "texture": "#texture" },
				"south": { "uv": [ 14, 3, 15, 14 ], "texture": "#texture" },
				"west": { "uv": [ 3, 3, 13, 14 ], "texture": "#texture" },
				"east": { "uv": [ 3, 3, 13, 14 ], "texture": "#texture" }
			}
		},
		{
			"__comment": "drawer_b",
			"from": [ 1, 2, 2 ],
			"to": [ 15, 3, 14 ],
			"faces": {
				"down": { "uv": [ 1, 2, 15, 14 ], "texture": "#texture" },
				"up": { "uv": [ 1, 2, 15, 14 ], "texture": "#texture" },
				"north": { "uv": [ 1, 13, 15, 14 ], "texture": "#texture" },
				"south": { "uv": [ 1, 13, 15, 14 ], "texture": "#texture" },
				"west": { "uv": [ 2, 13, 14, 14 ], "texture": "#texture" },
				"east": { "uv": [ 2, 13, 14, 14 ], "texture": "#texture" }
			}
		},
		{
			"__comment": "drawer_f",
			"from": [ 1, 2, 13 ],
			"to": [ 15, 13, 14 ],
			"faces": {
				"down": { "uv": [ 1, 2, 15, 3 ], "texture": "#texture" },
				"up": { "uv": [ 1, 13, 15, 14 ], "texture": "#texture" },
				"north": { "uv": [ 1, 3, 15, 14 ], "texture": "#texture" },
				"south": { "uv": [ 1, 3, 15, 14 ], "texture": "#texture" },
				"west": { "uv": [ 13, 3, 14, 14 ], "texture": "#texture" },
				"east": { "uv": [ 2, 3, 3, 14 ], "texture": "#texture" }
			}
		},
		{
			"__comment": "drawer_c",
			"from": [ 0, 2, 14 ],
			"to": [ 16, 14, 15 ],
			"faces": {
				"down": { "uv": [ 8, 5.5, 16, 6 ], "texture": "#texture1" },
				"up": { "uv": [ 8, 0, 16, 0.5 ], "texture": "#texture1" },
				"north": { "uv": [ 8, 0, 16, 6 ], "texture": "#texture1" },
				"south": { "uv": [ 8, 0, 16, 6 ], "texture": "#texture1" },
				"west": { "uv": [ 8, 0, 8.5, 6 ], "texture": "#texture1" },
				"east": { "uv": [ 15.5, 0, 16, 6 ], "texture": "#texture1" }
			}
		},
		{
			"__comment": "handle",
			"from": [ 1, 12, 15 ],
			"to": [ 15, 13, 16 ],
			"faces": {
				"down": { "uv": [ 0, 12, 7, 12.5 ], "texture": "#texture1" },
				"up": { "uv": [ 0, 12, 7, 12.5 ], "texture": "#texture1" },
				"north": { "uv": [ 0, 12, 7, 12.5 ], "texture": "#texture1" },
				"south": { "uv": [ 0, 12, 7, 12.5 ], "texture": "#texture1" },
				"west": { "uv": [ 0, 12, 0.5, 12.5 ], "texture": "#texture1" },
				"east": { "uv": [ 6.5, 12, 7, 12.5 ], "texture": "#texture1" }
			}
		}
	]
}