{
	"Comment": "Model created by wiiv using Cubik Sudio",
	"parent": "block/block",
	"textures": {
		"frame": "emporium:blocks/lighting/candle/frame_candelabra",
		"particle": "emporium:blocks/lighting/candle/frame_candelabra"
	},
	"elements": [
		{
			"Name": "FrameCenter",
			"from": [ 7, 4, 7 ],
			"to": [ 9, 5, 9 ],
			"faces": {
				"down": { "uv": [ 12, 3, 14, 5 ], "texture": "#frame" },
				"up": { "uv": [ 12, 3, 14, 5 ], "texture": "#frame" },
				"north": { "uv": [ 12, 6, 14, 7 ], "texture": "#frame" },
				"south": { "uv": [ 12, 6, 14, 7 ], "texture": "#frame" },
				"west": { "uv": [ 12, 6, 14, 7 ], "texture": "#frame" },
				"east": { "uv": [ 12, 6, 14, 7 ], "texture": "#frame" }
			}
		},
		{
			"Name": "CupCenter",
			"from": [ 6, 5, 6 ],
			"to": [ 10, 8, 10 ],
			"faces": {
				"down": { "uv": [ 0, 0, 4, 4 ], "texture": "#frame" },
				"up": { "uv": [ 0, 8, 4, 12 ], "texture": "#frame" },
				"north": { "uv": [ 4, 12, 8, 15 ], "texture": "#frame" },
				"south": { "uv": [ 0, 12, 4, 15 ], "texture": "#frame" },
				"west": { "uv": [ 4, 12, 0, 15 ], "texture": "#frame" },
				"east": { "uv": [ 4, 12, 8, 15 ], "texture": "#frame" }
			}
		},
		{
			"Name": "FrameSouth",
			"from": [ 7, 6, 10 ],
			"to": [ 9, 7, 12 ],
			"faces": {
				"down": { "uv": [ 14, 1, 16, 3 ], "texture": "#frame" },
				"up": { "uv": [ 14, 1, 16, 3 ], "texture": "#frame" },
				"north": { "uv": [ 14, 0, 16, 1 ], "texture": "#frame" },
				"south": { "uv": [ 14, 0, 16, 1 ], "texture": "#frame" },
				"west": { "uv": [ 14, 0, 16, 1 ], "texture": "#frame" },
				"east": { "uv": [ 14, 0, 16, 1 ], "texture": "#frame" }
			}
		},
		{
			"Name": "CupSouth",
			"from": [ 6, 4, 12 ],
			"to": [ 10, 7, 16 ],
			"faces": {
				"down": { "uv": [ 12, 12, 16, 8 ], "texture": "#frame" },
				"up": { "uv": [ 8, 8, 12, 12 ], "texture": "#frame" },
				"north": { "uv": [ 12, 12, 16, 15 ], "texture": "#frame" },
				"south": { "uv": [ 8, 12, 12, 15 ], "texture": "#frame" },
				"west": { "uv": [ 12, 12, 8, 15 ], "texture": "#frame" },
				"east": { "uv": [ 12, 12, 16, 15 ], "texture": "#frame" }
			}
		},
		{
			"Name": "CandleCenter",
			"from": [ 7, 8, 7 ],
			"to": [ 9, 12, 9 ],
			"faces": {
				"down": { "uv": [ 0, 0, 2, 2 ], "texture": "#candle" },
				"up": { "uv": [ 2, 0, 4, 2 ], "texture": "#candle" },
				"north": { "uv": [ 0, 2, 2, 6 ], "texture": "#candle" },
				"south": { "uv": [ 0, 2, 2, 6 ], "texture": "#candle" },
				"west": { "uv": [ 2, 2, 4, 6 ], "texture": "#candle" },
				"east": { "uv": [ 2, 2, 4, 6 ], "texture": "#candle" }
			}
		},
		{
			"Name": "Base",
			"from": [ 5, 0, 5 ],
			"to": [ 11, 2, 11 ],
			"faces": {
				"down": { "uv": [ 0, 0, 6, 6 ], "texture": "#frame" },
				"up": { "uv": [ 0, 0, 6, 6 ], "texture": "#frame" },
				"north": { "uv": [ 12, 6, 6, 8 ], "texture": "#frame" },
				"south": { "uv": [ 0, 6, 6, 8 ], "texture": "#frame" },
				"west": { "uv": [ 0, 6, 6, 8 ], "texture": "#frame" },
				"east": { "uv": [ 6, 6, 12, 8 ], "texture": "#frame" }
			}
		},
		{
			"Name": "CupNorth",
			"from": [ 6, 4, 0 ],
			"to": [ 10, 7, 4 ],
			"faces": {
				"down": { "uv": [ 12, 12, 16, 8 ], "texture": "#frame" },
				"up": { "uv": [ 8, 8, 12, 12 ], "texture": "#frame" },
				"north": { "uv": [ 12, 12, 16, 15 ], "texture": "#frame" },
				"south": { "uv": [ 8, 12, 12, 15 ], "texture": "#frame" },
				"west": { "uv": [ 12, 12, 8, 15 ], "texture": "#frame" },
				"east": { "uv": [ 12, 12, 16, 15 ], "texture": "#frame" }
			}
		},
		{
			"Name": "FrameNorth",
			"from": [ 7, 6, 4 ],
			"to": [ 9, 7, 6 ],
			"faces": {
				"down": { "uv": [ 14, 1, 16, 3 ], "texture": "#frame" },
				"up": { "uv": [ 14, 1, 16, 3 ], "texture": "#frame" },
				"north": { "uv": [ 14, 0, 16, 1 ], "texture": "#frame" },
				"south": { "uv": [ 14, 0, 16, 1 ], "texture": "#frame" },
				"west": { "uv": [ 14, 0, 16, 1 ], "texture": "#frame" },
				"east": { "uv": [ 14, 0, 16, 1 ], "texture": "#frame" }
			}
		},
		{
			"Name": "CupEast",
			"from": [ 12, 4, 6 ],
			"to": [ 16, 7, 10 ],
			"faces": {
				"down": { "uv": [ 12, 12, 16, 8 ], "texture": "#frame" },
				"up": { "uv": [ 8, 8, 12, 12 ], "texture": "#frame" },
				"north": { "uv": [ 12, 12, 16, 15 ], "texture": "#frame" },
				"south": { "uv": [ 8, 12, 12, 15 ], "texture": "#frame" },
				"west": { "uv": [ 12, 12, 8, 15 ], "texture": "#frame" },
				"east": { "uv": [ 12, 12, 16, 15 ], "texture": "#frame" }
			}
		},
		{
			"Name": "CupWest",
			"from": [ 0, 4, 6 ],
			"to": [ 4, 7, 10 ],
			"faces": {
				"down": { "uv": [ 12, 12, 16, 8 ], "texture": "#frame" },
				"up": { "uv": [ 8, 8, 12, 12 ], "texture": "#frame" },
				"north": { "uv": [ 12, 12, 16, 15 ], "texture": "#frame" },
				"south": { "uv": [ 8, 12, 12, 15 ], "texture": "#frame" },
				"west": { "uv": [ 12, 12, 8, 15 ], "texture": "#frame" },
				"east": { "uv": [ 12, 12, 16, 15 ], "texture": "#frame" }
			}
		},
		{
			"Name": "FrameEast",
			"from": [ 10, 6, 7 ],
			"to": [ 12, 7, 9 ],
			"faces": {
				"down": { "uv": [ 14, 1, 16, 3 ], "texture": "#frame" },
				"up": { "uv": [ 14, 1, 16, 3 ], "texture": "#frame" },
				"north": { "uv": [ 14, 0, 16, 1 ], "texture": "#frame" },
				"south": { "uv": [ 14, 0, 16, 1 ], "texture": "#frame" },
				"west": { "uv": [ 14, 0, 16, 1 ], "texture": "#frame" },
				"east": { "uv": [ 14, 0, 16, 1 ], "texture": "#frame" }
			}
		},
		{
			"Name": "FrameWest",
			"from": [ 4, 6, 7 ],
			"to": [ 6, 7, 9 ],
			"faces": {
				"down": { "uv": [ 14, 1, 16, 3 ], "texture": "#frame" },
				"up": { "uv": [ 14, 1, 16, 3 ], "texture": "#frame" },
				"north": { "uv": [ 14, 0, 16, 1 ], "texture": "#frame" },
				"south": { "uv": [ 14, 0, 16, 1 ], "texture": "#frame" },
				"west": { "uv": [ 14, 0, 16, 1 ], "texture": "#frame" },
				"east": { "uv": [ 14, 0, 16, 1 ], "texture": "#frame" }
			}
		},
		{
			"Name": "CrystalCenter",
			"from": [ 6, 2, 6 ],
			"to": [ 10, 4, 10 ],
			"faces": {
				"down": { "uv": [ 0, 0, 0, 2 ], "texture": "#crystal" },
				"up": { "uv": [ 4, 0, 8, 4 ], "texture": "#crystal" },
				"north": { "uv": [ 0, 6, 4, 8 ], "texture": "#crystal" },
				"south": { "uv": [ 0, 6, 4, 8 ], "texture": "#crystal" },
				"west": { "uv": [ 0, 6, 4, 8 ], "texture": "#crystal" },
				"east": { "uv": [ 0, 6, 4, 8 ], "texture": "#crystal" }
			}
		},
		{
			"Name": "CandleEast",
			"from": [ 13, 7, 7 ],
			"to": [ 15, 10, 9 ],
			"faces": {
				"down": { "uv": [ 0, 0, 2, 2 ], "texture": "#candle" },
				"up": { "uv": [ 2, 0, 4, 2 ], "texture": "#candle" },
				"north": { "uv": [ 0, 2, 2, 5 ], "texture": "#candle" },
				"south": { "uv": [ 0, 2, 2, 5 ], "texture": "#candle" },
				"west": { "uv": [ 2, 2, 4, 5 ], "texture": "#candle" },
				"east": { "uv": [ 2, 2, 4, 5 ], "texture": "#candle" }
			}
		},
		{
			"Name": "CandleWest",
			"from": [ 1, 7, 7 ],
			"to": [ 3, 10, 9 ],
			"faces": {
				"down": { "uv": [ 0, 0, 2, 2 ], "texture": "#candle" },
				"up": { "uv": [ 2, 0, 4, 2 ], "texture": "#candle" },
				"north": { "uv": [ 0, 2, 2, 5 ], "texture": "#candle" },
				"south": { "uv": [ 0, 2, 2, 5 ], "texture": "#candle" },
				"west": { "uv": [ 2, 2, 4, 5 ], "texture": "#candle" },
				"east": { "uv": [ 2, 2, 4, 5 ], "texture": "#candle" }
			}
		},
        {
            "Name": "CandleNorth",
            "from": [ 7, 7, 1 ],
            "to": [ 9, 10, 3 ],
            "faces": {
                "down": { "uv": [ 0, 0, 2, 2 ], "texture": "#candle" },
                "up": { "uv": [ 2, 0, 4, 2 ], "texture": "#candle" },
                "north": { "uv": [ 0, 2, 2, 5 ], "texture": "#candle" },
                "south": { "uv": [ 0, 2, 2, 5 ], "texture": "#candle" },
                "west": { "uv": [ 2, 2, 4, 5 ], "texture": "#candle" },
                "east": { "uv": [ 2, 2, 4, 5 ], "texture": "#candle" }
            }
        },
        {
            "Name": "CandleSouth",
            "from": [ 7, 7, 13 ],
            "to": [ 9, 10, 15 ],
            "faces": {
                "down": { "uv": [ 0, 0, 2, 2 ], "texture": "#candle" },
                "up": { "uv": [ 2, 0, 4, 2 ], "texture": "#candle" },
                "north": { "uv": [ 0, 2, 2, 5 ], "texture": "#candle" },
                "south": { "uv": [ 0, 2, 2, 5 ], "texture": "#candle" },
                "west": { "uv": [ 2, 2, 4, 5 ], "texture": "#candle" },
                "east": { "uv": [ 2, 2, 4, 5 ], "texture": "#candle" }
            }
        }
	]
}