{
	"Comment": "Model created by wiiv using Cubik Sudio",
    "parent": "emporium:block/block_front",
	"textures": {
		"texture": "emporium:blocks/lighting/candle/frame_tall",
		"candle": "emporium:blocks/lighting/candle/candle_wax",
		"particle": "emporium:blocks/lighting/candle/frame_tall"
	},
	"elements": [
		{
			"from": [ 7, 4, 7 ],
			"to": [ 9, 5, 9 ],
			"faces": {
				"down": { "uv": [ 12, 3, 14, 5 ], "texture": "#texture" },
				"up": { "uv": [ 12, 3, 14, 5 ], "texture": "#texture" },
				"north": { "uv": [ 6, 7, 8, 8 ], "texture": "#texture" },
				"south": { "uv": [ 6, 7, 8, 8 ], "texture": "#texture" },
				"west": { "uv": [ 6, 7, 8, 8 ], "texture": "#texture" },
				"east": { "uv": [ 6, 7, 8, 8 ], "texture": "#texture" }
			}
		},
		{
			"from": [ 6, 5, 6 ],
			"to": [ 10, 8, 10 ],
			"faces": {
				"down": { "uv": [ 6, 0, 10, 4 ], "texture": "#texture" },
				"up": { "uv": [ 10, 0, 14, 4 ], "texture": "#texture" },
				"north": { "uv": [ 10, 4, 14, 7 ], "texture": "#texture" },
				"south": { "uv": [ 10, 4, 14, 7 ], "texture": "#texture" },
				"west": { "uv": [ 10, 4, 14, 7 ], "texture": "#texture" },
				"east": { "uv": [ 10, 4, 14, 7 ], "texture": "#texture" }
			}
		},
		{
			"from": [ 5, 0, 5 ],
			"to": [ 11, 2, 11 ],
			"faces": {
				"down": { "uv": [ 0, 0, 6, 6 ], "texture": "#texture" },
				"up": { "uv": [ 0, 0, 6, 6 ], "texture": "#texture" },
				"north": { "uv": [ 0, 6, 6, 8 ], "texture": "#texture" },
				"south": { "uv": [ 0, 6, 6, 8 ], "texture": "#texture" },
				"west": { "uv": [ 0, 6, 6, 8 ], "texture": "#texture" },
				"east": { "uv": [ 0, 6, 6, 8 ], "texture": "#texture" }
			}
		},
		{
			"from": [ 6, 2, 6 ],
			"to": [ 10, 4, 10 ],
			"faces": {
				"down": { "uv": [ 0, 0, 0, 2 ], "texture": "#texture" },
				"up": { "uv": [ 6, 0, 10, 4 ], "texture": "#texture" },
				"north": { "uv": [ 6, 4, 10, 6 ], "texture": "#texture" },
				"south": { "uv": [ 6, 4, 10, 6 ], "texture": "#texture" },
				"west": { "uv": [ 6, 4, 10, 6 ], "texture": "#texture" },
				"east": { "uv": [ 6, 4, 10, 6 ], "texture": "#texture" }
			}
		},
		{
			"from": [ 7, 8, 7 ],
			"to": [ 9, 16, 9 ],
			"faces": {
				"down": { "uv": [ 0, 0, 2, 2 ], "texture": "#candle" },
				"up": { "uv": [ 2, 0, 4, 2 ], "texture": "#candle" },
				"north": { "uv": [ 0, 2, 2, 10 ], "texture": "#candle" },
				"south": { "uv": [ 0, 2, 2, 10 ], "texture": "#candle" },
				"west": { "uv": [ 2, 2, 4, 10 ], "texture": "#candle" },
				"east": { "uv": [ 2, 2, 4, 10 ], "texture": "#candle" }
			}
		}
	]
}