{
	"__comment": "Designed by Wiiv with Cubik Studio - https://cubik.studio",
	"textures": {
		"particle": "blocks/e_particle",
		"texture": "blocks/appliance/oven/cooktop_1_off"
	},
	"elements": [ 	 
		{
			"__comment": "burner_4",
			"from": [ 10.5, 0, 8.5 ],
			"to": [ 13.5, 1, 11.5 ],
			"faces": {
				"down": { "uv": [ 12, 1, 13.5, 2.5 ], "texture": "#texture" },
				"up": { "uv": [ 12, 1, 13.5, 2.5 ], "texture": "#texture" },
				"north": { "uv": [ 12, 2.5, 13.5, 3 ], "texture": "#texture" },
				"south": { "uv": [ 12, 2.5, 13.5, 3 ], "texture": "#texture" },
				"west": { "uv": [ 12, 2.5, 13.5, 3 ], "texture": "#texture" },
				"east": { "uv": [ 12, 2.5, 13.5, 3 ], "texture": "#texture" }
			}
		},
		{
			"__comment": "burner_3",
			"from": [ 2, 0, 8 ],
			"to": [ 6, 1, 12 ],
			"faces": {
				"down": { "uv": [ 10, 1, 12, 3 ], "texture": "#texture" },
				"up": { "uv": [ 10, 1, 12, 3 ], "texture": "#texture" },
				"north": { "uv": [ 10, 3, 12, 3.5 ], "texture": "#texture" },
				"south": { "uv": [ 10, 3, 12, 3.5 ], "texture": "#texture" },
				"west": { "uv": [ 10, 3, 12, 3.5 ], "texture": "#texture" },
				"east": { "uv": [ 10, 3, 12, 3.5 ], "texture": "#texture" }
			}
		},
		{
			"__comment": "burner_2",
			"from": [ 11, 0, 3 ],
			"to": [ 13, 1, 5 ],
			"faces": {
				"down": { "uv": [ 12.5, 3, 13.5, 4 ], "texture": "#texture" },
				"up": { "uv": [ 12.5, 3, 13.5, 4 ], "texture": "#texture" },
				"north": { "uv": [ 12.5, 4, 13.5, 4.5 ], "texture": "#texture" },
				"south": { "uv": [ 12.5, 4, 13.5, 4.5 ], "texture": "#texture" },
				"west": { "uv": [ 12.5, 4, 13.5, 4.5 ], "texture": "#texture" },
				"east": { "uv": [ 12.5, 4, 13.5, 4.5 ], "texture": "#texture" }
			}
		},
		{
			"__comment": "burner_1",
			"from": [ 2.5, 0, 2.5 ],
			"to": [ 5.5, 1, 5.5 ],
			"faces": {
				"down": { "uv": [ 12, 1, 13.5, 2.5 ], "texture": "#texture" },
				"up": { "uv": [ 12, 1, 13.5, 2.5 ], "texture": "#texture" },
				"north": { "uv": [ 12, 2.5, 13.5, 3 ], "texture": "#texture" },
				"south": { "uv": [ 12, 2.5, 13.5, 3 ], "texture": "#texture" },
				"west": { "uv": [ 12, 2.5, 13.5, 3 ], "texture": "#texture" },
				"east": { "uv": [ 12, 2.5, 13.5, 3 ], "texture": "#texture" }
			}
		},
		{
			"__comment": "grate_1r",
			"from": [ 6.5, 0, 1.5 ],
			"to": [ 6.501, 2, 6.5 ],
			"faces": {
				"down": { "uv": [ 1.5, 9.5, 6.5, 14.5 ], "texture": "#texture" },
				"up": { "uv": [ 10, 3.5, 12.5, 6 ], "texture": "#texture" },
				"north": { "uv": [ 10, 6, 12.5, 7 ], "texture": "#texture" },
				"south": { "uv": [ 10, 6, 12.5, 7 ], "texture": "#texture" },
				"west": { "uv": [ 10, 6, 12.5, 7 ], "texture": "#texture" },
				"east": { "uv": [ 10, 6, 12.5, 7 ], "texture": "#texture" }
			}
		},
		{
			"__comment": "grate_3t",
			"from": [ 1.5, 2, 7.5 ],
			"to": [ 6.5, 2.001, 12.5 ],
			"faces": {
				"down": { "uv": [ 10, 3.5, 12.5, 6 ], "texture": "#texture" },
				"up": { "uv": [ 10, 3.5, 12.5, 6 ], "texture": "#texture" },
				"north": { "uv": [ 10, 6, 12.5, 7 ], "texture": "#texture" },
				"south": { "uv": [ 10, 6, 12.5, 7 ], "texture": "#texture" },
				"west": { "uv": [ 10, 6, 12.5, 7 ], "texture": "#texture" },
				"east": { "uv": [ 10, 6, 12.5, 7 ], "texture": "#texture" }
			}
		},
		{
			"__comment": "grate_3b",
			"from": [ 1.5, 0, 7.5 ],
			"to": [ 6.5, 2, 7.501 ],
			"faces": {
				"down": { "uv": [ 1.5, 9.5, 6.5, 14.5 ], "texture": "#texture" },
				"up": { "uv": [ 10, 3.5, 12.5, 6 ], "texture": "#texture" },
				"north": { "uv": [ 10, 6, 12.5, 7 ], "texture": "#texture" },
				"south": { "uv": [ 10, 6, 12.5, 7 ], "texture": "#texture" },
				"west": { "uv": [ 10, 6, 12.5, 7 ], "texture": "#texture" },
				"east": { "uv": [ 10, 6, 12.5, 7 ], "texture": "#texture" }
			}
		},
		{
			"__comment": "grate_1b",
			"from": [ 1.5, 0, 1.5 ],
			"to": [ 6.5, 2, 1.501 ],
			"faces": {
				"down": { "uv": [ 1.5, 9.5, 6.5, 14.5 ], "texture": "#texture" },
				"up": { "uv": [ 10, 3.5, 12.5, 6 ], "texture": "#texture" },
				"north": { "uv": [ 10, 6, 12.5, 7 ], "texture": "#texture" },
				"south": { "uv": [ 10, 6, 12.5, 7 ], "texture": "#texture" },
				"west": { "uv": [ 10, 6, 12.5, 7 ], "texture": "#texture" },
				"east": { "uv": [ 10, 6, 12.5, 7 ], "texture": "#texture" }
			}
		},
		{
			"__comment": "grate_3l",
			"from": [ 1.5, 0, 7.5 ],
			"to": [ 1.501, 2, 12.5 ],
			"faces": {
				"down": { "uv": [ 1.5, 9.5, 6.5, 14.5 ], "texture": "#texture" },
				"up": { "uv": [ 10, 3.5, 12.5, 6 ], "texture": "#texture" },
				"north": { "uv": [ 10, 6, 12.5, 7 ], "texture": "#texture" },
				"south": { "uv": [ 10, 6, 12.5, 7 ], "texture": "#texture" },
				"west": { "uv": [ 10, 6, 12.5, 7 ], "texture": "#texture" },
				"east": { "uv": [ 10, 6, 12.5, 7 ], "texture": "#texture" }
			}
		},
		{
			"__comment": "grate_1t",
			"from": [ 1.5, 2, 1.5 ],
			"to": [ 6.5, 2.001, 6.5 ],
			"faces": {
				"down": { "uv": [ 10, 3.5, 12.5, 6 ], "texture": "#texture" },
				"up": { "uv": [ 10, 3.5, 12.5, 6 ], "texture": "#texture" },
				"north": { "uv": [ 10, 6, 12.5, 7 ], "texture": "#texture" },
				"south": { "uv": [ 10, 6, 12.5, 7 ], "texture": "#texture" },
				"west": { "uv": [ 10, 6, 12.5, 7 ], "texture": "#texture" },
				"east": { "uv": [ 10, 6, 12.5, 7 ], "texture": "#texture" }
			}
		},
		{
			"__comment": "grate_2t",
			"from": [ 9.5, 2, 1.5 ],
			"to": [ 14.5, 2.001, 6.5 ],
			"faces": {
				"down": { "uv": [ 10, 3.5, 12.5, 6 ], "texture": "#texture" },
				"up": { "uv": [ 10, 3.5, 12.5, 6 ], "texture": "#texture" },
				"north": { "uv": [ 10, 6, 12.5, 7 ], "texture": "#texture" },
				"south": { "uv": [ 10, 6, 12.5, 7 ], "texture": "#texture" },
				"west": { "uv": [ 10, 6, 12.5, 7 ], "texture": "#texture" },
				"east": { "uv": [ 10, 6, 12.5, 7 ], "texture": "#texture" }
			}
		},
		{
			"__comment": "grate_4t",
			"from": [ 9.5, 2, 7.5 ],
			"to": [ 14.5, 2.001, 12.5 ],
			"faces": {
				"down": { "uv": [ 10, 3.5, 12.5, 6 ], "texture": "#texture" },
				"up": { "uv": [ 10, 3.5, 12.5, 6 ], "texture": "#texture" },
				"north": { "uv": [ 10, 6, 12.5, 7 ], "texture": "#texture" },
				"south": { "uv": [ 10, 6, 12.5, 7 ], "texture": "#texture" },
				"west": { "uv": [ 10, 6, 12.5, 7 ], "texture": "#texture" },
				"east": { "uv": [ 10, 6, 12.5, 7 ], "texture": "#texture" }
			}
		},
		{
			"__comment": "grate_1l",
			"from": [ 1.5, 0, 1.5 ],
			"to": [ 1.501, 2, 6.5 ],
			"faces": {
				"down": { "uv": [ 1.5, 9.5, 6.5, 14.5 ], "texture": "#texture" },
				"up": { "uv": [ 10, 3.5, 12.5, 6 ], "texture": "#texture" },
				"north": { "uv": [ 10, 6, 12.5, 7 ], "texture": "#texture" },
				"south": { "uv": [ 10, 6, 12.5, 7 ], "texture": "#texture" },
				"west": { "uv": [ 10, 6, 12.5, 7 ], "texture": "#texture" },
				"east": { "uv": [ 10, 6, 12.5, 7 ], "texture": "#texture" }
			}
		},
		{
			"__comment": "grate_2l",
			"from": [ 9.5, 0, 1.5 ],
			"to": [ 9.501, 2, 6.5 ],
			"faces": {
				"down": { "uv": [ 1.5, 9.5, 6.5, 14.5 ], "texture": "#texture" },
				"up": { "uv": [ 10, 3.5, 12.5, 6 ], "texture": "#texture" },
				"north": { "uv": [ 10, 6, 12.5, 7 ], "texture": "#texture" },
				"south": { "uv": [ 10, 6, 12.5, 7 ], "texture": "#texture" },
				"west": { "uv": [ 10, 6, 12.5, 7 ], "texture": "#texture" },
				"east": { "uv": [ 10, 6, 12.5, 7 ], "texture": "#texture" }
			}
		},
		{
			"__comment": "grate_2r",
			"from": [ 14.5, 0, 1.5 ],
			"to": [ 14.501, 2, 6.5 ],
			"faces": {
				"down": { "uv": [ 1.5, 9.5, 6.5, 14.5 ], "texture": "#texture" },
				"up": { "uv": [ 10, 3.5, 12.5, 6 ], "texture": "#texture" },
				"north": { "uv": [ 10, 6, 12.5, 7 ], "texture": "#texture" },
				"south": { "uv": [ 10, 6, 12.5, 7 ], "texture": "#texture" },
				"west": { "uv": [ 10, 6, 12.5, 7 ], "texture": "#texture" },
				"east": { "uv": [ 10, 6, 12.5, 7 ], "texture": "#texture" }
			}
		},
		{
			"__comment": "grate_4r",
			"from": [ 14.5, 0, 7.5 ],
			"to": [ 14.501, 2, 12.5 ],
			"faces": {
				"down": { "uv": [ 1.5, 9.5, 6.5, 14.5 ], "texture": "#texture" },
				"up": { "uv": [ 10, 3.5, 12.5, 6 ], "texture": "#texture" },
				"north": { "uv": [ 10, 6, 12.5, 7 ], "texture": "#texture" },
				"south": { "uv": [ 10, 6, 12.5, 7 ], "texture": "#texture" },
				"west": { "uv": [ 10, 6, 12.5, 7 ], "texture": "#texture" },
				"east": { "uv": [ 10, 6, 12.5, 7 ], "texture": "#texture" }
			}
		},
		{
			"__comment": "grate_4l",
			"from": [ 9.5, 0, 7.5 ],
			"to": [ 9.501, 2, 12.5 ],
			"faces": {
				"down": { "uv": [ 1.5, 9.5, 6.5, 14.5 ], "texture": "#texture" },
				"up": { "uv": [ 10, 3.5, 12.5, 6 ], "texture": "#texture" },
				"north": { "uv": [ 10, 6, 12.5, 7 ], "texture": "#texture" },
				"south": { "uv": [ 10, 6, 12.5, 7 ], "texture": "#texture" },
				"west": { "uv": [ 10, 6, 12.5, 7 ], "texture": "#texture" },
				"east": { "uv": [ 10, 6, 12.5, 7 ], "texture": "#texture" }
			}
		},
		{
			"__comment": "grate_3r",
			"from": [ 6.5, 0, 7.5 ],
			"to": [ 6.501, 2, 12.5 ],
			"faces": {
				"down": { "uv": [ 1.5, 9.5, 6.5, 14.5 ], "texture": "#texture" },
				"up": { "uv": [ 10, 3.5, 12.5, 6 ], "texture": "#texture" },
				"north": { "uv": [ 10, 6, 12.5, 7 ], "texture": "#texture" },
				"south": { "uv": [ 10, 6, 12.5, 7 ], "texture": "#texture" },
				"west": { "uv": [ 10, 6, 12.5, 7 ], "texture": "#texture" },
				"east": { "uv": [ 10, 6, 12.5, 7 ], "texture": "#texture" }
			}
		},
		{
			"__comment": "grate_1f",
			"from": [ 1.5, 0, 6.5 ],
			"to": [ 6.5, 2, 6.501 ],
			"faces": {
				"down": { "uv": [ 1.5, 9.5, 6.5, 14.5 ], "texture": "#texture" },
				"up": { "uv": [ 10, 3.5, 12.5, 6 ], "texture": "#texture" },
				"north": { "uv": [ 10, 6, 12.5, 7 ], "texture": "#texture" },
				"south": { "uv": [ 10, 6, 12.5, 7 ], "texture": "#texture" },
				"west": { "uv": [ 10, 6, 12.5, 7 ], "texture": "#texture" },
				"east": { "uv": [ 10, 6, 12.5, 7 ], "texture": "#texture" }
			}
		},
		{
			"__comment": "grate_2f",
			"from": [ 9.5, 0, 6.5 ],
			"to": [ 14.5, 2, 6.501 ],
			"faces": {
				"down": { "uv": [ 1.5, 9.5, 6.5, 14.5 ], "texture": "#texture" },
				"up": { "uv": [ 10, 3.5, 12.5, 6 ], "texture": "#texture" },
				"north": { "uv": [ 10, 6, 12.5, 7 ], "texture": "#texture" },
				"south": { "uv": [ 10, 6, 12.5, 7 ], "texture": "#texture" },
				"west": { "uv": [ 10, 6, 12.5, 7 ], "texture": "#texture" },
				"east": { "uv": [ 10, 6, 12.5, 7 ], "texture": "#texture" }
			}
		},
		{
			"__comment": "grate_2b",
			"from": [ 9.5, 0, 1.5 ],
			"to": [ 14.5, 2, 1.501 ],
			"faces": {
				"down": { "uv": [ 1.5, 9.5, 6.5, 14.5 ], "texture": "#texture" },
				"up": { "uv": [ 10, 3.5, 12.5, 6 ], "texture": "#texture" },
				"north": { "uv": [ 10, 6, 12.5, 7 ], "texture": "#texture" },
				"south": { "uv": [ 10, 6, 12.5, 7 ], "texture": "#texture" },
				"west": { "uv": [ 10, 6, 12.5, 7 ], "texture": "#texture" },
				"east": { "uv": [ 10, 6, 12.5, 7 ], "texture": "#texture" }
			}
		},
		{
			"__comment": "grate_b",
			"from": [ 9.5, 0, 7.5 ],
			"to": [ 14.5, 2, 7.501 ],
			"faces": {
				"down": { "uv": [ 1.5, 9.5, 6.5, 14.5 ], "texture": "#texture" },
				"up": { "uv": [ 10, 3.5, 12.5, 6 ], "texture": "#texture" },
				"north": { "uv": [ 10, 6, 12.5, 7 ], "texture": "#texture" },
				"south": { "uv": [ 10, 6, 12.5, 7 ], "texture": "#texture" },
				"west": { "uv": [ 10, 6, 12.5, 7 ], "texture": "#texture" },
				"east": { "uv": [ 10, 6, 12.5, 7 ], "texture": "#texture" }
			}
		},
		{
			"__comment": "grate_4f",
			"from": [ 9.5, 0, 12.5 ],
			"to": [ 14.5, 2, 12.501 ],
			"faces": {
				"down": { "uv": [ 1.5, 9.5, 6.5, 14.5 ], "texture": "#texture" },
				"up": { "uv": [ 10, 3.5, 12.5, 6 ], "texture": "#texture" },
				"north": { "uv": [ 10, 6, 12.5, 7 ], "texture": "#texture" },
				"south": { "uv": [ 10, 6, 12.5, 7 ], "texture": "#texture" },
				"west": { "uv": [ 10, 6, 12.5, 7 ], "texture": "#texture" },
				"east": { "uv": [ 10, 6, 12.5, 7 ], "texture": "#texture" }
			}
		},
		{
			"__comment": "grate_3f",
			"from": [ 1.5, 0, 12.5 ],
			"to": [ 6.5, 2, 12.501 ],
			"faces": {
				"down": { "uv": [ 1.5, 9.5, 6.5, 14.5 ], "texture": "#texture" },
				"up": { "uv": [ 10, 3.5, 12.5, 6 ], "texture": "#texture" },
				"north": { "uv": [ 10, 6, 12.5, 7 ], "texture": "#texture" },
				"south": { "uv": [ 10, 6, 12.5, 7 ], "texture": "#texture" },
				"west": { "uv": [ 10, 6, 12.5, 7 ], "texture": "#texture" },
				"east": { "uv": [ 10, 6, 12.5, 7 ], "texture": "#texture" }
			}
		}
	]
}