{
	"Comment": "Designed by Wiiv with Cubik Studio - https://cubik.studio",
	"parent": "emporium:block/block_front",
	"textures": {
		"particle": "emporium:blocks/furniture/counter/counter_wood_modern",
        "texture1": "emporium:blocks/furniture/counter/counter_wood_modern",
        "texture2": "emporium:blocks/material/stone_dark_extended",
		"texture3": "emporium:blocks/material/stone_dark"
	},
	"elements": [
		{
		    "Name": "CounterTop",
		    "from": [ 0, 16, 0 ],
			"to": [ 16, 20, 16 ],
			"faces": {
				"down": { "uv": [ 0, 0, 16, 16 ], "texture": "#texture3" },
				"up": { "uv": [ 0, 0, 16, 16 ], "texture": "#texture3" },
				"north": { "uv": [ 0, 0, 16, 4 ], "texture": "#texture3" },
				"south": { "uv": [ 0, 4, 16, 8 ], "texture": "#texture3" },
				"west": { "uv": [ 0, 8, 16, 12 ], "texture": "#texture3" },
				"east": { "uv": [ 0, 12, 16, 16 ], "texture": "#texture3" }
			}
		},
		{
		    "Name": "CounterFrameC",
			"from": [ 4, 0, 4 ],
			"to": [ 14, 16, 14 ],
			"faces": {
				"down": { "uv": [ 8, 9.5, 13, 14.5 ], "texture": "#texture1" },
				"north": { "uv": [ 0, 0, 5, 8 ], "texture": "#texture1" },
				"south": { "uv": [ 0, 0, 5, 8 ], "texture": "#texture1" },
				"west": { "uv": [ 0, 0, 5, 8 ], "texture": "#texture1" },
				"east": { "uv": [ 0, 0, 5, 8 ], "texture": "#texture1" }
			}
		},
        {
            "Name": "CounterFrameC1",
            "from": [ 14, 0, 4 ],
            "to": [ 16, 16, 14 ],
            "faces": {
                "down": { "uv": [ 8, 9.5, 13, 14.5 ], "texture": "#texture1" },
                "north": { "uv": [ 12, 0, 13, 8 ], "texture": "#texture1" },
                "south": { "uv": [ 12, 0, 13, 8 ], "texture": "#texture1" },
                "west": { "uv": [ 0, 0, 5, 8 ], "texture": "#texture1" },
                "east": { "uv": [ 0, 0, 5, 8 ], "texture": "#texture1" }
            }
        },
		{
		    "Name": "CounterFrameC2",
			"from": [ 4, 0, 14 ],
			"to": [ 14, 16, 16 ],
			"faces": {
				"down": { "uv": [ 8, 9.5, 13, 14.5 ], "texture": "#texture1" },
				"north": { "uv": [ 0, 0, 5, 8 ], "texture": "#texture1" },
				"south": { "uv": [ 0, 0, 5, 8 ], "texture": "#texture1" },
				"west": { "uv": [ 12, 0, 13, 8 ], "texture": "#texture1" },
				"east": { "uv": [ 12, 0, 13, 8 ], "texture": "#texture1" }
			}
		}
	]
}