{
    "Comment": "Designed by Wiiv with Cubik Studio - https://cubik.studio",
	"parent": "emporium:block/block_front",
    "textures": {
        "particle": "emporium:blocks/furniture/counter/counter_wood_modern",
        "texture1": "emporium:blocks/furniture/counter/counter_wood_modern",
        "texture2": "emporium:blocks/material/stone_dark"
    },
	"elements": [
		{
			"Name": "CounterTop",
			"from": [ 0, 16, 0 ],
            "to": [ 16, 20, 16 ],
            "faces": {
				"down": { "uv": [ 0, 0, 16, 16 ], "texture": "#texture2" },
				"up": { "uv": [ 0, 0, 16, 16 ], "texture": "#texture2" },
				"north": { "uv": [ 0, 0, 16, 4 ], "texture": "#texture2" },
				"south": { "uv": [ 0, 4, 16, 8 ], "texture": "#texture2" },
				"west": { "uv": [ 0, 8, 16, 12 ], "texture": "#texture2" },
				"east": { "uv": [ 0, 12, 16, 16 ], "texture": "#texture2" }
			}
		},
		{
			"Name": "CounterShelf1",
			"from": [ 1, 9, 6 ],
            "to": [ 15, 10, 14 ],
            "faces": {
                "down": { "uv": [ 5, 0, 12, 4 ], "texture": "#texture1" },
                "up": { "uv": [ 5, 0, 12, 4 ], "texture": "#texture1" },
                "south": { "uv": [ 5, 0, 12, 0.5 ], "texture": "#texture1" },
                "west": { "uv": [ 0, 0, 4, 0.5 ], "texture": "#texture1" },
                "east": { "uv": [ 0, 0, 4, 0.5 ], "texture": "#texture1" }
            }
		},
        {
            "Name": "CounterShelf2",
            "from": [ 1, 0, 6 ],
            "to": [ 15, 3, 14 ],
            "faces": {
                "down": { "uv": [ 5, 4, 12, 8 ], "texture": "#texture1" },
                "up": { "uv": [ 5, 0, 12, 4 ], "texture": "#texture1" },
                "south": { "uv": [ 8, 8, 15, 9.5 ], "texture": "#texture1" },
                "west": { "uv": [ 1, 6.5, 5, 8 ], "texture": "#texture1" },
                "east": { "uv": [ 0, 6.5, 4, 8 ], "texture": "#texture1" }
            }
        },
		{
			"Name": "CounterFrameL",
			"from": [ 0, 0, 6 ],
            "to": [ 1, 16, 14 ],
            "faces": {
                "down": { "uv": [ 11.5, 4, 12, 8 ], "texture": "#texture1" },
                "north": { "uv": [ 4.5, 0, 5, 8 ], "texture": "#texture1" },
                "south": { "uv": [ 0, 0, 0.5, 8 ], "texture": "#texture1" },
                "west": { "uv": [ 1, 0, 5, 8 ], "texture": "#texture1" },
                "east": { "uv": [ 0, 0, 4, 8 ], "texture": "#texture1" }
            }
		},
		{
            "Name": "CounterFrameR",
            "from": [ 15, 0, 6 ],
            "to": [ 16, 16, 14 ],
            "faces": {
                "down": { "uv": [ 5, 4, 5.5, 8 ], "texture": "#texture1" },
                "north": { "uv": [ 4.5, 0, 5, 8 ], "texture": "#texture1" },
                "south": { "uv": [ 4.5, 0, 5, 8 ], "texture": "#texture1" },
                "west": { "uv": [ 1, 0, 5, 8 ], "texture": "#texture1" },
                "east": { "uv": [ 0, 0, 4, 8 ], "texture": "#texture1" }
            }
        },
		{
			"Name": "CounterBack",
			"from": [ 0, 0, 4 ],
            "to": [ 16, 16, 6 ],
            "faces": {
                "down": { "uv": [ 0, 15, 8, 16 ], "texture": "#texture1" },
                "north": { "uv": [ 0, 8, 8, 16 ], "texture": "#texture1" },
                "south": { "uv": [ 0, 8, 8, 16 ], "texture": "#texture1" },
                "west": { "uv": [ 0, 0, 1, 8 ], "texture": "#texture1" },
                "east": { "uv": [ 4, 0, 5, 8 ], "texture": "#texture1" }
            }
		}
	]
}