{
	"__comment": "Designed by Wiiv with Cubik Studio - https://cubik.studio",
	"textures": {
		"particle": "blocks/e_particle",
		"texture": "blocks/material/metal_normal",
		"texture1": "blocks/fence"
	},
	"elements": [
		{
			"__comment": "Cube11",
			"from": [ 0, 0, 8 ],
			"to": [ 16, 16, 8.001 ],
			"faces": {
				"down": { "uv": [ 0, 7.999, 16, 8 ], "texture": "#texture" },
				"up": { "uv": [ 0, 8, 16, 8.000999 ], "texture": "#texture" },
				"north": { "uv": [ 0, 0, 16, 16 ], "texture": "#texture1" },
				"south": { "uv": [ 0, 0, 16, 16 ], "texture": "#texture1" },
				"west": { "uv": [ 8, 0, 8.001, 16 ], "texture": "#texture" },
				"east": { "uv": [ 7.999, 0, 8, 16 ], "texture": "#texture" }
			}
		},
		{
			"__comment": "Cube9",
			"from": [ 0, 0, 7 ],
			"to": [ 2, 16, 9 ],
			"faces": {
				"down": { "uv": [ 0, 14, 2, 16 ], "texture": "#texture" },
				"up": { "uv": [ 0, 0, 2, 2 ], "texture": "#texture" },
				"north": { "uv": [ 14, 0, 16, 16 ], "texture": "#texture" },
				"south": { "uv": [ 0, 0, 2, 16 ], "texture": "#texture" },
				"west": { "uv": [ 7, 0, 9, 16 ], "texture": "#texture" },
				"east": { "uv": [ 7, 0, 9, 16 ], "texture": "#texture" }
			}
		},
		{
			"__comment": "Cube9",
			"from": [ 14, 0, 7 ],
			"to": [ 16, 16, 9 ],
			"faces": {
				"down": { "uv": [ 0, 14, 2, 16 ], "texture": "#texture" },
				"up": { "uv": [ 0, 0, 2, 2 ], "texture": "#texture" },
				"north": { "uv": [ 14, 0, 16, 16 ], "texture": "#texture" },
				"south": { "uv": [ 0, 0, 2, 16 ], "texture": "#texture" },
				"west": { "uv": [ 7, 0, 9, 16 ], "texture": "#texture" },
				"east": { "uv": [ 7, 0, 9, 16 ], "texture": "#texture" }
			}
		}
	]
}