{
	"Comment": "Designed by Wiiv with Cubik Studio - https://cubik.studio",
	"parent": "block/block",
	"textures": {
		"texture0": "emporium:blocks/industrial/conveyor_belt_side",
		"texture1": "emporium:blocks/industrial/conveyor_belt_on",
		"texture2": "emporium:blocks/industrial/auto_crafter",
		"texture3": "emporium:blocks/industrial/conveyor_belt_special_side_on",
		"particle": "emporium:blocks/industrial/auto_crafter"
    },
	"elements": [
		{
			"Name": "frame",
			"from": [ 0, 0, 0 ],
			"to": [ 16, 4, 16 ],
			"faces": {
				"down": { "uv": [ 0, 16, 16, 0 ], "texture": "#texture1", "rotation": 90 },
				"up": { "uv": [ 0, 0, 16, 16 ], "texture": "#texture1", "rotation": 90 },
				"north": { "uv": [ 0, 12, 16, 16 ], "texture": "#texture0" },
				"south": { "uv": [ 0, 0, 16, 4 ], "texture": "#texture3" },
				"west": { "uv": [ 0, 0, 16, 4 ], "texture": "#texture1" },
				"east": { "uv": [ 0, 16, 16, 12 ], "texture": "#texture1" }
			}
		},
		{
			"Name": "top",
			"from": [ 2, 14, 2 ],
			"to": [ 14, 16, 14 ],
			"faces": {
				"down": { "uv": [ 0, 6, 6, 12 ], "texture": "#texture2" },
				"up": { "uv": [ 0, 6, 6, 12 ], "texture": "#texture2" },
				"north": { "uv": [ 7, 5, 13, 6 ], "texture": "#texture2" },
				"south": { "uv": [ 7, 5, 13, 6 ], "texture": "#texture2" },
				"west": { "uv": [ 7, 5, 13, 6 ], "texture": "#texture2" },
				"east": { "uv": [ 7, 5, 13, 6 ], "texture": "#texture2" }
			}
		},
		{
			"Name": "back",
			"from": [ 2, 4, 0 ],
			"to": [ 14, 16, 2 ],
			"faces": {
				"down": { "uv": [ 7, 5, 13, 6 ], "texture": "#texture2" },
				"up": { "uv": [ 7, 5, 13, 6 ], "texture": "#texture2" },
				"north": { "uv": [ 6, 6, 12, 12 ], "texture": "#texture2" },
				"south": { "uv": [ 0, 6, 6, 12 ], "texture": "#texture2" },
				"west": { "uv": [ 6, 0, 7, 6 ], "texture": "#texture2" },
				"east": { "uv": [ 6, 0, 7, 6 ], "texture": "#texture2" }
			}
		},
		{
			"Name": "front",
			"from": [ 2, 4, 14 ],
			"to": [ 14, 16, 16 ],
			"faces": {
				"down": { "uv": [ 7, 5, 13, 6 ], "texture": "#texture2" },
				"up": { "uv": [ 7, 5, 13, 6 ], "texture": "#texture2" },
				"north": { "uv": [ 0, 6, 6, 12 ], "texture": "#texture2" },
				"south": { "uv": [ 0, 0, 6, 6 ], "texture": "#texture2" },
				"west": { "uv": [ 6, 0, 7, 6 ], "texture": "#texture2" },
				"east": { "uv": [ 6, 0, 7, 6 ], "texture": "#texture2" }
			}
		}
	]
}