{
    "Comment": "model created by wiiv",
    "parent":"block/block",
    "textures": {
        "texture": "emporium:blocks/storage/jar_cork",
        "particle": "emporium:blocks/storage/jar_cork"
    },
    "elements": [
        {
            "name": "Lid",
            "from": [ 5, 10, 5 ],
			"to": [ 11, 12, 11 ],
			"faces": {
				"down": { "uv": [ 0, 10, 6, 16 ], "texture": "#texture" },
				"up": { "uv": [ 0, 10, 6, 16 ], "texture": "#texture" },
				"north": { "uv": [ 8, 16, 6, 10 ], "texture": "#texture", "rotation": 270 },
				"south": { "uv": [ 8, 16, 6, 10 ], "texture": "#texture", "rotation": 270 },
				"west": { "uv": [ 8, 16, 6, 10 ], "texture": "#texture", "rotation": 270 },
				"east": { "uv": [ 8, 16, 6, 10 ], "texture": "#texture", "rotation": 270 }
			}
        },
        {
            "name": "Glass",
            "from": [ 4, 2, 4 ],
			"to": [ 12, 10, 12 ],
			"faces": {
				"down": { "uv": [ 4, 4, 12, 12 ], "texture": "#texture" },
				"up": { "uv": [ 8, 0, 16, 8 ], "texture": "#texture" },
				"north": { "uv": [ 8, 8, 16, 16 ], "texture": "#texture" },
				"south": { "uv": [ 8, 8, 16, 16 ], "texture": "#texture" },
				"west": { "uv": [ 8, 8, 16, 16 ], "texture": "#texture" },
				"east": { "uv": [ 8, 8, 16, 16 ], "texture": "#texture" }
			}
        },
        {
            "name": "Base",
            "from": [ 4, 0, 4 ],
			"to": [ 12, 2, 12 ],
			"faces": {
				"down": { "uv": [ 0, 0, 8, 8 ], "texture": "#texture" },
				"up": { "uv": [ 0, 0, 8, 8 ], "texture": "#texture" },
				"north": { "uv": [ 0, 8, 8, 10 ], "texture": "#texture" },
				"south": { "uv": [ 0, 8, 8, 10 ], "texture": "#texture" },
				"west": { "uv": [ 0, 8, 8, 10 ], "texture": "#texture" },
				"east": { "uv": [ 0, 8, 8, 10 ], "texture": "#texture" }
			}
		}
    ]
}