{
	"Comment": "Designed by Wiiv with Cubik Studio - https://cubik.studio",
	"parent": "emporium:block/block_front",
	"textures": {
		"texture": "emporium:blocks/appliance/kitchen/smoke_detector",
		"particle": "emporium:blocks/appliance/kitchen/smoke_detector"
	},
	"elements": [ 	 
		{
			"from": [ 5, 5, 0 ],
			"to": [ 11, 11, 3 ],
			"faces": {
				"down": { "uv": [ 6, 9, 12, 12 ], "texture": "#texture" },
				"up": { "uv": [ 6, 0, 12, 3 ], "texture": "#texture" },
				"north": { "uv": [ 0, 6, 6, 12 ], "texture": "#texture" },
				"south": { "uv": [ 0, 0, 6, 6 ], "texture": "#texture" },
				"west": { "uv": [ 9, 3, 12, 9 ], "texture": "#texture" },
				"east": { "uv": [ 6, 3, 9, 9 ], "texture": "#texture" }
			}
		}
	]
}