{
	"Comment": "Designed by Wiiv with Cubik Studio - https://cubik.studio",
	"parent": "emporium:block/block_front",
	"textures": {
		"texture": "emporium:blocks/appliance/kitchen/cutting_board",
		"particle": "emporium:blocks/appliance/kitchen/cutting_board"
	},
	"elements": [ 	 
		{
			"from": [ 1, 0, 3 ],
			"to": [ 15, 2, 13 ],
			"faces": {
				"down": { "uv": [ 1, 3, 15, 13 ], "texture": "#texture" },
				"up": { "uv": [ 1, 3, 15, 13 ], "texture": "#texture" },
				"north": { "uv": [ 1, 14, 15, 16 ], "texture": "#texture" },
				"south": { "uv": [ 1, 14, 15, 16 ], "texture": "#texture" },
				"west": { "uv": [ 3, 14, 13, 16 ], "texture": "#texture" },
				"east": { "uv": [ 3, 14, 13, 16 ], "texture": "#texture" }
			}
		}
	]
}