{
	"Comment": "Designed by Wiiv with Cubik Studio - https://cubik.studio",
	"parent":"block/block",
	"textures": {
		"frame": "emporium:blocks/lamp_axis_frame",
		"particle": "emporium:blocks/lamp_axis_frame",
		"glass": "emporium:blocks/material/glass_cyan"
	},
	"elements": [
		{
			"Name": "Light",
			"from": [ 7, 7, 1 ],
			"to": [ 9, 9, 15 ],
			"faces": {
				"down": { "uv": [ 4, 0, 6, 14 ], "texture": "#frame" },
				"up": { "uv": [ 0, 0, 0, 0.5 ], "texture": "#frame" },
				"north": { "uv": [ 4, 14, 6, 16 ], "texture": "#frame" },
				"south": { "uv": [ 4, 14, 6, 16 ], "texture": "#frame" },
				"west": { "uv": [ 4, 0, 6, 14 ], "texture": "#frame", "rotation": 90 },
				"east": { "uv": [ 4, 0, 6, 14 ], "texture": "#frame", "rotation": 90 }
			}
		},
		{
			"Name": "Glass",
			"from": [ 6, 6, 1 ],
			"to": [ 10, 10, 15 ],
			"faces": {
				"down": { "uv": [ 0, 6.5, 16, 10.5 ], "texture": "#glass" },
				"up": { "uv": [ 0, 0, 4, 16 ], "texture": "#glass" },
				"north": { "uv": [ 4, 0, 0, 2 ], "texture": "#glass" },
				"south": { "uv": [ 0, 0, 4, 2 ], "texture": "#glass" },
				"west": { "uv": [ 0, 0, 16, 2 ], "texture": "#glass" },
				"east": { "uv": [ 0, 0, 16, 2 ], "texture": "#glass" }
			}
		},
		{
			"Name": "Frame",
			"from": [ 6, 6, 15 ],
			"to": [ 10, 10, 16 ],
			"faces": {
				"down": { "uv": [ 10, 8, 14, 7 ], "texture": "#frame" },
				"up": { "uv": [ 10, 11, 14, 12 ], "texture": "#frame" },
				"north": { "uv": [ 10, 11, 14, 7 ], "texture": "#frame" },
				"south": { "uv": [ 10, 11, 14, 7 ], "texture": "#frame" },
				"west": { "uv": [ 10, 4, 11, 0 ], "texture": "#frame" },
				"east": { "uv": [ 13, 4, 14, 0 ], "texture": "#frame" }
			}
		},
		{
			"Name": "Frame",
			"from": [ 6, 6, 0 ],
			"to": [ 10, 10, 1 ],
			"faces": {
				"down": { "uv": [ 10, 8, 14, 7 ], "texture": "#frame" },
				"up": { "uv": [ 10, 11, 14, 12 ], "texture": "#frame" },
				"north": { "uv": [ 10, 11, 14, 7 ], "texture": "#frame" },
				"south": { "uv": [ 10, 11, 14, 7 ], "texture": "#frame" },
				"west": { "uv": [ 10, 4, 11, 0 ], "texture": "#frame" },
				"east": { "uv": [ 13, 4, 14, 0 ], "texture": "#frame" }
			}
		}
	]
}