{
	"parent": "emporium:block/lamp_glowrescent_axis_ver",
	"textures": {
		"glass": "emporium:blocks/material/glass_black"
	},
	"elements": [
		{
			"Name": "Glass",
			"from": [ 6, 3, 6 ],
			"to": [ 10, 15, 10 ],
			"faces": {
				"down": { "uv": [ 0, 0, 0, 0.5 ], "texture": "#glass" },
				"up": { "uv": [ 0, 0, 0, 0 ], "texture": "#glass" },
				"north": { "uv": [ 6, 1, 10, 13 ], "texture": "#glass" },
				"south": { "uv": [ 6, 1, 10, 13 ], "texture": "#glass" },
				"west": { "uv": [ 6, 1, 10, 13 ], "texture": "#glass" },
				"east": { "uv": [ 6, 1, 10, 13 ], "texture": "#glass" }
			}
		}
	]
}