{
	"parent": "emporium:block/lamp_glowrescent_caged",
    "textures": {
        "glass": "emporium:blocks/material/glass_pink"
    },
    "elements": [
        {
            "Name": "Glass",
            "from": [ 6, 0.5, 6 ],
            "to": [ 10, 6.5, 10 ],
            "faces": {
                "down": { "uv": [ 6, 6, 10, 10 ], "texture": "#glass" },
                "up": { "uv": [ 6, 6, 10, 10 ], "texture": "#glass" },
                "north": { "uv": [ 6, 9.5, 10, 15.5 ], "texture": "#glass" },
                "south": { "uv": [ 6, 9.5, 10, 15.5 ], "texture": "#glass" },
                "west": { "uv": [ 6, 9.5, 10, 15.5 ], "texture": "#glass" },
                "east": { "uv": [ 6, 9.5, 10, 15.5 ], "texture": "#glass" }
            }
        }
    ]
}