{
	"Comment": "Designed by Wiiv with Cubik Studio - https://cubik.studio",
	"parent": "emporium:block/block_front",
    "textures": {
        "texture": "emporium:blocks/lighting/lamp/floating/0frame",
        "particle": "emporium:blocks/lighting/lamp/floating/0frame"
    },
    "elements": [
        {
			"Name": "Light",
			"from": [ 7, 2, 7 ],
			"to": [ 9, 3, 9 ],
			"faces": {
				"down": { "uv": [ 14, 2, 16, 4 ], "texture": "#texture" },
				"up": { "uv": [ 12, 2, 14, 4 ], "texture": "#texture" },
				"north": { "uv": [ 14, 4, 16, 5 ], "texture": "#texture" },
				"south": { "uv": [ 12, 4, 14, 5 ], "texture": "#texture" },
				"west": { "uv": [ 14, 4, 12, 5 ], "texture": "#texture" },
				"east": { "uv": [ 14, 4, 16, 5 ], "texture": "#texture" }
			}
		},
		{
			"Name": "FWest",
			"from": [ 3, 2.5, 8 ],
			"to": [ 7, 2.501, 9 ],
			"faces": {
				"down": { "uv": [ 10, 0, 14, 1 ], "texture": "#texture" },
				"up": { "uv": [ 10, 0, 14, 1 ], "texture": "#texture" }
			}
		},
		{
			"Name": "FEast",
			"from": [ 9, 2.5, 7 ],
			"to": [ 13, 2.501, 8 ],
			"faces": {
				"down": { "uv": [ 10, 1, 14, 2 ], "texture": "#texture" },
				"up": { "uv": [ 10, 1, 14, 2 ], "texture": "#texture" }
			}
		},
		{
			"Name": "FNorth",
			"from": [ 7, 2.5, 3 ],
			"to": [ 8, 2.501, 7 ],
			"faces": {
				"down": { "uv": [ 11, 2, 12, 6 ], "texture": "#texture" },
				"up": { "uv": [ 11, 2, 12, 6 ], "texture": "#texture" }
			}
		},
		{
			"Name": "FSouth",
			"from": [ 8, 2.5, 9 ],
			"to": [ 9, 2.501, 13 ],
			"faces": {
				"down": { "uv": [ 10, 2, 11, 6 ], "texture": "#texture" },
				"up": { "uv": [ 10, 2, 11, 6 ], "texture": "#texture" }
			}
		}
    ]
}