{
	"Comment": "Designed by Wiiv with Cubik Studio - https://cubik.studio",
	"parent": "emporium:block/block_front",
	"textures": {
		"frame": "emporium:blocks/lighting/lamp/glowrescent/frame_caged",
		"particle": "emporium:blocks/lighting/lamp/glowrescent/frame_caged"
	},
	"elements": [
        {
            "Name": "Base",
            "from": [ 5, 0, 5 ],
            "to": [ 11, 1, 11 ],
            "faces": {
                "down": { "uv": [ 6, 6, 12, 0 ], "texture": "#frame" },
                "up": { "uv": [ 0, 0, 6, 6 ], "texture": "#frame" },
                "north": { "uv": [ 6, 0, 0, 1 ], "texture": "#frame" },
                "south": { "uv": [ 0, 0, 6, 1 ], "texture": "#frame" },
                "west": { "uv": [ 6, 5, 0, 6 ], "texture": "#frame" },
                "east": { "uv": [ 0, 0, 6, 1 ], "texture": "#frame" }
            }
        },
        {
            "Name": "Cage",
            "from": [ 5.5, 1, 5.5 ],
            "to": [ 10.5, 7, 10.5 ],
            "faces": {
                "down": { "uv": [ 0, 6, 0, 6.5 ], "texture": "#frame" },
                "up": { "uv": [ 0, 6, 5, 11 ], "texture": "#frame" },
                "north": { "uv": [ 5, 6, 10, 12 ], "texture": "#frame" },
                "south": { "uv": [ 5, 6, 10, 12 ], "texture": "#frame" },
                "west": { "uv": [ 10, 6, 15, 12 ], "texture": "#frame" },
                "east": { "uv": [ 10, 6, 15, 12 ], "texture": "#frame" }
            }
        },
        {
            "Name": "Lamp",
            "from": [ 7, 1, 7 ],
            "to": [ 9, 5, 9 ],
            "faces": {
                "down": { "uv": [ 6.5, 6.5, 9.5, 9.5 ], "texture": "#frame" },
                "up": { "uv": [ 12, 0, 14, 2 ], "texture": "#frame" },
                "north": { "uv": [ 12, 0, 14, 4 ], "texture": "#frame" },
                "south": { "uv": [ 12, 0, 14, 4 ], "texture": "#frame" },
                "west": { "uv": [ 12, 0, 14, 4 ], "texture": "#frame" },
                "east": { "uv": [ 12, 0, 14, 4 ], "texture": "#frame" }
            }
        }
    ]
}