{
	"Comment": "Designed by Wiiv with Cubik Studio - https://cubik.studio",
	"parent": "emporium:block/block_front",
	"textures": {
		"frame": "emporium:blocks/lighting/lamp/glowrescent/frame_axis_ver",
		"particle": "emporium:blocks/lighting/lamp/glowrescent/frame_axis_ver"
	},
	"elements": [
		{
			"Name": "Frame",
			"from": [ 6, 15, 6 ],
			"to": [ 10, 16, 10 ],
			"faces": {
				"down": { "uv": [ 10, 4, 14, 0 ], "texture": "#frame" },
				"up": { "uv": [ 10, 7, 14, 11 ], "texture": "#frame" },
				"north": { "uv": [ 10, 4, 14, 5 ], "texture": "#frame" },
				"south": { "uv": [ 10, 4, 14, 5 ], "texture": "#frame" },
				"west": { "uv": [ 10, 4, 14, 5 ], "texture": "#frame" },
				"east": { "uv": [ 10, 4, 14, 5 ], "texture": "#frame" }
			}
		},
		{
			"Name": "Lamp",
			"from": [ 7, 3, 7 ],
			"to": [ 9, 15, 9 ],
			"faces": {
				"down": { "uv": [ 0, 0, 0, 0 ], "texture": "#frame" },
				"up": { "uv": [ 0, 0, 0, 0.5 ], "texture": "#frame" },
				"north": { "uv": [ 14, 0, 16, 12 ], "texture": "#frame" },
				"south": { "uv": [ 14, 0, 16, 12 ], "texture": "#frame" },
				"west": { "uv": [ 14, 0, 16, 12 ], "texture": "#frame" },
				"east": { "uv": [ 14, 0, 16, 12 ], "texture": "#frame" }
			}
		},
		{
			"Name": "Frame",
			"from": [ 6, 0, 6 ],
			"to": [ 10, 3, 10 ],
			"faces": {
				"down": { "uv": [ 10, 7, 14, 11 ], "texture": "#frame" },
				"up": { "uv": [ 10, 0, 14, 4 ], "texture": "#frame" },
				"north": { "uv": [ 10, 4, 14, 7 ], "texture": "#frame" },
				"south": { "uv": [ 10, 4, 14, 7 ], "texture": "#frame" },
				"west": { "uv": [ 10, 4, 14, 7 ], "texture": "#frame" },
				"east": { "uv": [ 10, 4, 14, 7 ], "texture": "#frame" }
			}
		}
	]
}