{
	"__comment": "Designed by Wiiv with Cubik Studio - https://cubik.studio",
	"textures": {
		"particle": "blocks/e_particle",
		"texture": "blocks/e_texture"
	},
	"elements": [
		{
			"__comment": "Cube1",
			"from": [ 10, 4, 6 ],
			"to": [ 10.001, 12, 10 ],
			"faces": {
				"down": { "uv": [ 10, 6, 10.001, 10 ], "texture": "#texture" },
				"up": { "uv": [ 10, 6, 10.001, 10 ], "texture": "#texture" },
				"north": { "uv": [ 5.999, 4, 6, 12 ], "texture": "#texture" },
				"south": { "uv": [ 10, 4, 10.001, 12 ], "texture": "#texture" },
				"west": { "uv": [ 6, 4, 10, 12 ], "texture": "#texture" },
				"east": { "uv": [ 6, 4, 10, 12 ], "texture": "#texture" }
			}
		},
		{
			"__comment": "Cube1",
			"from": [ 6, 4, 6 ],
			"to": [ 6.001, 12, 10 ],
			"faces": {
				"down": { "uv": [ 6, 6, 6.001, 10 ], "texture": "#texture" },
				"up": { "uv": [ 6, 6, 6.001, 10 ], "texture": "#texture" },
				"north": { "uv": [ 9.999, 4, 10, 12 ], "texture": "#texture" },
				"south": { "uv": [ 6, 4, 6.001, 12 ], "texture": "#texture" },
				"west": { "uv": [ 6, 4, 10, 12 ], "texture": "#texture" },
				"east": { "uv": [ 6, 4, 10, 12 ], "texture": "#texture" }
			}
		},
		{
			"__comment": "Cube3",
			"from": [ 6, 3, 10 ],
			"to": [ 10, 12, 10.001 ],
			"faces": {
				"down": { "uv": [ 6, 5.999, 10, 6 ], "texture": "#texture" },
				"up": { "uv": [ 6, 10, 10, 10.001 ], "texture": "#texture" },
				"north": { "uv": [ 6, 4, 10, 13 ], "texture": "#texture" },
				"south": { "uv": [ 6, 4, 10, 13 ], "texture": "#texture" },
				"west": { "uv": [ 10, 4, 10.001, 13 ], "texture": "#texture" },
				"east": { "uv": [ 5.999, 4, 6, 13 ], "texture": "#texture" }
			}
		},
		{
			"__comment": "Cube3",
			"from": [ 6, 4, 6 ],
			"to": [ 10, 12, 6.001 ],
			"faces": {
				"down": { "uv": [ 6, 9.999001, 10, 10 ], "texture": "#texture" },
				"up": { "uv": [ 6, 6, 10, 6.001 ], "texture": "#texture" },
				"north": { "uv": [ 6, 4, 10, 12 ], "texture": "#texture" },
				"south": { "uv": [ 6, 4, 10, 12 ], "texture": "#texture" },
				"west": { "uv": [ 6, 4, 6.001, 12 ], "texture": "#texture" },
				"east": { "uv": [ 9.999, 4, 10, 12 ], "texture": "#texture" }
			}
		},
		{
			"__comment": "Cube3",
			"from": [ 6, 0, 6 ],
			"to": [ 10, 1, 6.001 ],
			"faces": {
				"down": { "uv": [ 6, 9.999001, 10, 10 ], "texture": "#texture" },
				"up": { "uv": [ 6, 6, 10, 6.001 ], "texture": "#texture" },
				"north": { "uv": [ 6, 15, 10, 16 ], "texture": "#texture" },
				"south": { "uv": [ 6, 15, 10, 16 ], "texture": "#texture" },
				"west": { "uv": [ 6, 15, 6.001, 16 ], "texture": "#texture" },
				"east": { "uv": [ 9.999, 15, 10, 16 ], "texture": "#texture" }
			}
		},
		{
			"__comment": "Cube6",
			"from": [ 6, 0, 6 ],
			"to": [ 10, 4, 10 ],
			"faces": {
				"down": { "uv": [ 6, 6, 10, 10 ], "texture": "#texture" },
				"up": { "uv": [ 6, 6, 10, 10 ], "texture": "#texture" },
				"north": { "uv": [ 6, 12, 10, 16 ], "texture": "#texture" },
				"south": { "uv": [ 6, 12, 10, 16 ], "texture": "#texture" },
				"west": { "uv": [ 6, 12, 10, 16 ], "texture": "#texture" },
				"east": { "uv": [ 6, 12, 10, 16 ], "texture": "#texture" }
			}
		},
		{
			"__comment": "Cube7",
			"from": [ 6, 12, 6 ],
			"to": [ 10, 12.001, 10 ],
			"faces": {
				"down": { "uv": [ 6, 6, 10, 10 ], "texture": "#texture" },
				"up": { "uv": [ 6, 6, 10, 10 ], "texture": "#texture" },
				"north": { "uv": [ 6, 3.999, 10, 4 ], "texture": "#texture" },
				"south": { "uv": [ 6, 3.999, 10, 4 ], "texture": "#texture" },
				"west": { "uv": [ 6, 3.999, 10, 4 ], "texture": "#texture" },
				"east": { "uv": [ 6, 3.999, 10, 4 ], "texture": "#texture" }
			}
		},
		{
			"__comment": "Cube8",
			"from": [ 7, 4, 7 ],
			"to": [ 9, 11, 9 ],
			"faces": {
				"down": { "uv": [ 7, 7, 9, 9 ], "texture": "#texture" },
				"up": { "uv": [ 7, 7, 9, 9 ], "texture": "#texture" },
				"north": { "uv": [ 7, 5, 9, 12 ], "texture": "#texture" },
				"south": { "uv": [ 7, 5, 9, 12 ], "texture": "#texture" },
				"west": { "uv": [ 7, 5, 9, 12 ], "texture": "#texture" },
				"east": { "uv": [ 7, 5, 9, 12 ], "texture": "#texture" }
			}
		}
	]
}